Подкатегория,"Интервал площади, м2",N аренда,N продажа,"Медиана аренды, руб/мес","Медиана продажи, руб","Окупаемость, лет"
1-комнатные,30–33,9,11,90000.0,24000000.0,22.222222222222225
1-комнатные,33–35,7,7,95000.0,25000000.0,21.929824561403507
1-комнатные,40–44,12,6,101500.0,35100000.0,28.817733990147783
1-комнатные,44–50,9,6,140000.0,53250000.0,31.69642857142857
2-комнатные,44–46,18,11,110000.0,31490000.0,23.856060606060606
2-комнатные,46–54,27,25,125000.0,42000000.0,28.0
2-комнатные,54–56,19,17,130000.0,60000000.0,38.46153846153846
2-комнатные,56–62,27,19,149000.0,45000000.0,25.167785234899327
2-комнатные,62–70,20,24,157500.0,59400000.0,31.42857142857143
2-комнатные,70–95,22,29,192500.0,130000000.0,56.27705627705628
3+ комнатные,75–105,41,41,280000.0,108000000.0,32.142857142857146
3+ комнатные,105–120,39,26,330000.0,210500000.0,53.156565656565654
3+ комнатные,120–148,43,58,450000.0,225000000.0,41.666666666666664
3+ комнатные,148–177,43,53,700000.0,305000000.0,36.30952380952381
3+ комнатные,177–200,41,24,650000.0,452250000.0,57.980769230769226
3+ комнатные,200–260,42,100,1000000.0,479239825.0,39.936652083333335
