cian_id,deal_type,rooms,is_studio,price_rub,price_per_m2,total_area,living_area,kitchen_area,floor,floors_total,build_year,material,district,microdistrict,sale_type,is_newbuild,jk_name,address,lat,lng,deposit,utilities_included,client_fee_pct,lease_term,added,url,subcategory,collected_at
332900536,rent,2,False,450000,4285.71,105.0,70.0,17.0,3,11,2008.0,brick,Хамовники,,,False,Фьюжн парк,"Москва, улица Усачева, 2 с 3",55.730426,37.574067,450000.0,True,0,longTerm,2026-09-03,https://www.cian.ru/rent/flat/332900536/,2,2026-09-05 11:26
333368993,rent,2,False,225000,2884.62,78.0,,16.0,3,5,1932.0,brick,Хамовники,,,False,,"Россия, Москва, Мансуровский переулок, 6",55.74033,37.595258,225000.0,True,50,longTerm,2026-09-04,https://www.cian.ru/rent/flat/333368993/,2,2026-09-05 11:26
333401015,rent,2,False,100000,1851.85,54.0,38.0,7.0,3,8,1961.0,brick,Хамовники,,,False,,"Россия, Москва, Комсомольский проспект, 11",55.730112,37.590156,100000.0,True,50,longTerm,2026-09-04,https://www.cian.ru/rent/flat/333401015/,2,2026-09-05 11:26
332535691,rent,2,False,200000,3846.15,52.0,28.0,5.0,7,9,,stalin,Хамовники,,,False,,"Москва, Фрунзенская набережная, 52",55.717046,37.578954,200000.0,True,0,longTerm,2026-09-04,https://www.cian.ru/rent/flat/332535691/,2,2026-09-05 11:26
333141931,rent,2,False,135000,1800.0,75.0,61.0,9.0,2,2,,brick,Хамовники,,,False,,"г Москва, переулок Большой Знаменский, д 8/12 стр 4",55.749228,37.605508,135000.0,True,0,longTerm,2026-09-04,https://www.cian.ru/rent/flat/333141931/,2,2026-09-05 11:26
332023353,rent,2,False,115000,2483.8,46.3,,,8,8,1932.0,brick,Хамовники,,,False,,"Россия, Москва, переулок Сивцев Вражек, 15/25",55.747363,37.594486,125000.0,True,70,longTerm,2026-08-13,https://www.cian.ru/rent/flat/332023353/,2,2026-09-05 11:26
298936760,rent,2,False,550000,5500.0,100.0,75.0,10.0,6,8,,,Хамовники,,,False,Садовые кварталы,"Россия, Москва, улица Ефремова, 10с1",55.725955,37.573133,550000.0,True,30,longTerm,2026-09-04,https://www.cian.ru/rent/flat/298936760/,2,2026-09-05 11:26
333286593,rent,2,False,125000,2155.17,58.0,,10.0,1,16,1957.0,brick,Хамовники,,,False,,"Россия, Москва, Фрунзенская набережная, 50",55.718633,37.576879,130000.0,True,50,longTerm,2026-09-04,https://www.cian.ru/rent/flat/333286593/,2,2026-09-05 11:26
333531479,rent,2,False,120000,2142.86,56.0,33.0,8.0,2,4,1926.0,,Хамовники,,,False,,"Россия, Москва, Языковский переулок, 5к5",55.731404,37.583248,120000.0,True,0,longTerm,2026-09-02,https://www.cian.ru/rent/flat/333531479/,2,2026-09-05 11:26
332447323,rent,2,False,300000,3703.7,81.0,,,1,2,1900.0,,Хамовники,,,False,,"Россия, Москва, улица Пречистенка, 8с2",55.744531,37.599381,300000.0,True,0,longTerm,2026-09-05,https://www.cian.ru/rent/flat/332447323/,2,2026-09-05 11:26
333436860,rent,2,False,325000,3611.11,90.0,60.0,15.0,10,15,2007.0,,Хамовники,,,False,,"Россия, Москва, Саввинская набережная, 9",55.736914,37.569396,325000.0,True,0,longTerm,2026-09-04,https://www.cian.ru/rent/flat/333436860/,2,2026-09-05 11:26
333327040,rent,2,False,85000,1416.67,60.0,37.0,10.0,2,11,1956.0,brick,Хамовники,,,False,,"Россия, Москва, улица Хамовнический Вал, 2",55.716133,37.576492,85000.0,True,70,longTerm,2026-09-02,https://www.cian.ru/rent/flat/333327040/,2,2026-09-05 11:26
331229439,rent,2,False,230000,4339.62,53.0,,,7,9,1939.0,brick,Хамовники,,,False,,"Россия, Москва, Фрунзенская набережная, 48",55.717873,37.579681,,True,0,longTerm,2026-09-05,https://www.cian.ru/rent/flat/331229439/,2,2026-09-05 11:26
317147894,rent,2,False,145000,2530.54,57.3,34.5,12.0,7,8,1960.0,brick,Хамовники,,,False,,"Россия, Москва, Фрунзенская набережная, 16к1",55.730177,37.592446,145000.0,True,50,longTerm,2026-09-02,https://www.cian.ru/rent/flat/317147894/,2,2026-09-05 11:26
333406880,rent,2,False,95000,2111.11,45.0,,,5,8,1960.0,brick,Хамовники,,,False,,"Россия, Москва, Новодевичий проезд, 6",55.729564,37.558463,90000.0,True,50,longTerm,2026-08-30,https://www.cian.ru/rent/flat/333406880/,2,2026-09-05 11:26
332875094,rent,2,False,380000,6333.33,60.0,31.0,13.0,8,15,,,Хамовники,,,False,Садовые кварталы,"Москва, Усачева ул., 15",55.726836,37.570357,380000.0,True,0,longTerm,2026-09-05,https://www.cian.ru/rent/flat/332875094/,2,2026-09-05 11:26
333471459,rent,2,False,120000,2181.82,55.0,36.0,6.0,5,5,1925.0,brick,Хамовники,,,False,,"Россия, Москва, 1-й переулок Тружеников, 19/4с3",55.736493,37.572684,120000.0,True,100,longTerm,2026-09-05,https://www.cian.ru/rent/flat/333471459/,2,2026-09-05 11:26
333565508,rent,2,False,110000,2291.67,48.0,,,3,10,1973.0,brick,Хамовники,,,False,,"Россия, Москва, Смоленская улица, 7",55.745199,37.578352,110000.0,True,50,longTerm,2026-09-03,https://www.cian.ru/rent/flat/333565508/,2,2026-09-05 11:26
333327832,rent,2,False,155000,2818.18,55.0,30.0,12.0,4,8,1960.0,brick,Хамовники,,,False,,"Россия, Москва, 1-я Фрунзенская улица, 5",55.72636,37.585134,,True,50,longTerm,2026-09-02,https://www.cian.ru/rent/flat/333327832/,2,2026-09-05 11:26
330330951,rent,2,False,200000,2816.9,71.0,40.0,10.0,3,7,1961.0,brick,Хамовники,,,False,,"Москва, Малая Пироговская улица, 21",55.727166,37.566818,200000.0,True,50,longTerm,2026-08-28,https://www.cian.ru/rent/flat/330330951/,2,2026-09-05 11:26
333441204,rent,2,False,120000,1951.22,61.5,40.0,15.0,12,12,1970.0,brick,Хамовники,,,False,,"Россия, Москва, улица Льва Толстого, 7",55.732656,37.587919,120000.0,True,50,longTerm,2026-08-31,https://www.cian.ru/rent/flat/333441204/,2,2026-09-05 11:26
331881061,rent,2,False,250000,5000.0,50.0,27.0,8.0,3,6,2022.0,monolithBrick,Хамовники,,,False,Roza Rossa,"Россия, Москва город, улица Зубовская, дом 7",55.736934,37.583365,250000.0,True,0,longTerm,2026-09-04,https://www.cian.ru/rent/flat/331881061/,2,2026-09-05 11:26
333338131,rent,2,False,170000,2741.94,62.0,42.0,15.0,15,16,,monolith,Хамовники,,,False,Смоленская Застава,"г Москва, Ружейный пер, д 3",55.742955,37.580517,170000.0,True,0,longTerm,2026-09-03,https://www.cian.ru/rent/flat/333338131/,2,2026-09-05 11:26
333260791,rent,2,False,130000,2131.15,61.0,,9.0,2,9,,,Хамовники,,,False,,"Россия, Москва, Большой Лёвшинский переулок, 14/22",55.741576,37.585449,135000.0,True,50,longTerm,2026-09-02,https://www.cian.ru/rent/flat/333260791/,2,2026-09-05 11:26
333353475,rent,2,False,125000,2358.49,53.0,30.0,11.0,8,9,1966.0,brick,Хамовники,,,False,,"Россия, Москва, Большой Саввинский переулок, 19",55.732666,37.56547,125000.0,True,0,longTerm,2026-09-04,https://www.cian.ru/rent/flat/333353475/,2,2026-09-05 11:26
332409882,rent,2,False,230000,3333.33,69.0,40.0,8.0,4,4,1910.0,brick,Хамовники,,,False,,"Россия, Москва, Малый Власьевский переулок, 7А",55.74636,37.591872,250000.0,True,0,longTerm,2026-09-01,https://www.cian.ru/rent/flat/332409882/,2,2026-09-05 11:26
333465790,rent,2,False,120000,1875.0,64.0,40.0,6.0,3,5,,brick,Хамовники,,,False,,"г Москва, ул Кооперативная, д 2 к 12",55.724778,37.567069,120000.0,True,50,longTerm,2026-09-05,https://www.cian.ru/rent/flat/333465790/,2,2026-09-05 11:26
333608717,rent,2,False,200000,4651.16,43.0,20.0,6.0,8,8,1961.0,brick,Хамовники,,,False,,"Россия, Москва, Комсомольский проспект, 30",55.725225,37.578487,,True,0,longTerm,2026-09-04,https://www.cian.ru/rent/flat/333608717/,2,2026-09-05 11:26
331926281,rent,2,False,130000,1836.16,70.8,37.0,9.0,5,12,,stalin,Хамовники,,,False,,"Россия, Москва, 3-я Фрунзенская улица, 1",55.719313,37.581271,130000.0,True,50,longTerm,2026-09-04,https://www.cian.ru/rent/flat/331926281/,2,2026-09-05 11:26
330406026,rent,2,False,80000,1777.78,45.0,30.0,7.0,5,10,1963.0,,Хамовники,,,False,,"Россия, Москва, 1-я Фрунзенская улица, 6",55.727612,37.586563,80000.0,True,60,longTerm,2026-08-30,https://www.cian.ru/rent/flat/330406026/,2,2026-09-05 11:26
333193052,rent,2,False,100000,2173.91,46.0,,8.0,16,17,1967.0,panel,Хамовники,,,False,,"Россия, Москва, Смоленский бульвар, 6-8",55.740517,37.586338,100000.0,True,30,fewMonths,2026-08-24,https://www.cian.ru/rent/flat/333193052/,2,2026-09-05 11:26
333199065,rent,2,False,90000,2093.02,43.0,30.0,7.0,8,8,1961.0,brick,Хамовники,,,False,,"Россия, Москва, Комсомольский проспект, 34",55.724287,37.577265,90000.0,True,60,longTerm,2026-08-24,https://www.cian.ru/rent/flat/333199065/,2,2026-09-05 11:26
330889594,rent,2,False,85000,1888.89,45.0,30.0,7.0,4,10,,brick,Хамовники,,,False,,"Москва, Хамовники район, Фрунзенская 1-я ул., д.6",55.727612,37.586563,89000.0,True,40,longTerm,2026-09-04,https://www.cian.ru/rent/flat/330889594/,2,2026-09-05 11:26
332275314,rent,2,False,120000,1714.29,70.0,35.0,10.0,6,10,1975.0,brick,Хамовники,,,False,,"Россия, Москва, Гагаринский переулок, 6",55.745053,37.598106,120000.0,True,60,longTerm,2026-09-03,https://www.cian.ru/rent/flat/332275314/,2,2026-09-05 11:26
333108020,rent,2,False,95000,1739.93,54.6,32.0,9.0,7,9,1958.0,brick,Хамовники,,,False,,"Россия, Москва, 3-я Фрунзенская улица, 7",55.719911,37.576825,95000.0,True,60,longTerm,2026-09-01,https://www.cian.ru/rent/flat/333108020/,2,2026-09-05 11:26
333545297,rent,2,False,100000,2222.22,45.0,28.0,9.0,6,9,1966.0,brick,Хамовники,,,False,,"Россия, Москва, Большой Саввинский переулок, 19",55.732666,37.56547,100000.0,True,50,longTerm,2026-09-02,https://www.cian.ru/rent/flat/333545297/,2,2026-09-05 11:26
332839379,rent,2,False,100000,1851.85,54.0,36.0,10.0,6,8,1958.0,,Хамовники,,,False,,"Россия, Москва, улица Хамовнический Вал, 24",55.719749,37.569809,100000.0,True,0,longTerm,2026-08-15,https://www.cian.ru/rent/flat/332839379/,2,2026-09-05 11:26
332917221,rent,2,False,135000,1800.0,75.0,61.0,9.0,2,2,1926.0,,Хамовники,,,False,,"Россия, Москва, Большой Знаменский переулок, 8/12с4",55.749228,37.605508,135000.0,True,0,longTerm,2026-08-29,https://www.cian.ru/rent/flat/332917221/,2,2026-09-05 11:26
295735441,rent,2,False,120000,2068.97,58.0,35.0,10.0,4,5,1926.0,brick,Хамовники,,,False,,"Россия, Москва, Усачёва улица, 19Ак3",55.725554,37.568749,120000.0,True,40,longTerm,2026-09-02,https://www.cian.ru/rent/flat/295735441/,2,2026-09-05 11:26
317859534,rent,2,False,140000,2745.1,51.0,28.0,6.0,7,7,,,Хамовники,,,False,,"Россия, Москва, Фрунзенская набережная, 8",55.733188,37.595105,140000.0,True,40,longTerm,2026-08-13,https://www.cian.ru/rent/flat/317859534/,2,2026-09-05 11:26
332896738,rent,2,False,85000,1734.69,49.0,,,1,12,1976.0,brick,Хамовники,,,False,,"Россия, Москва, улица Тимура Фрунзе, 30",55.736716,37.586634,85000.0,True,50,longTerm,2026-09-04,https://www.cian.ru/rent/flat/332896738/,2,2026-09-05 11:26
330055417,rent,2,False,110000,2391.3,46.0,32.0,6.0,5,5,1959.0,brick,Хамовники,,,False,,"Россия, Москва, улица Ефремова, 15/22",55.723962,37.573285,110000.0,True,90,longTerm,2026-08-31,https://www.cian.ru/rent/flat/330055417/,2,2026-09-05 11:26
330264970,rent,2,False,200000,2702.7,74.0,45.0,15.0,5,6,2014.0,monolith,Хамовники,,,False,Clerkenwell House,"Россия, Москва, Комсомольский проспект, 42с2",55.721731,37.572899,200000.0,True,0,longTerm,2026-09-02,https://www.cian.ru/rent/flat/330264970/,2,2026-09-05 11:26
319248815,rent,2,False,180000,3272.73,55.0,29.7,9.0,2,7,,,Хамовники,,,False,,"Россия, Москва, Смоленская-Сенная площадь, 27с1А",55.745123,37.582484,180000.0,True,30,longTerm,2026-09-03,https://www.cian.ru/rent/flat/319248815/,2,2026-09-05 11:26
327865667,rent,2,False,155000,3444.44,45.0,,20.0,1,5,1890.0,brick,Хамовники,,,False,,"Москва, Москва, Зубовский бульвар, 29",55.737238,37.588072,155000.0,True,0,longTerm,2026-09-04,https://www.cian.ru/rent/flat/327865667/,2,2026-09-05 11:26
332647780,rent,2,False,90000,1636.36,55.0,31.0,9.0,2,12,1957.0,brick,Хамовники,,,False,,"Россия, Москва, Комсомольский проспект, 45",55.719967,37.573896,90000.0,True,60,longTerm,2026-09-04,https://www.cian.ru/rent/flat/332647780/,2,2026-09-05 11:26
333237906,rent,2,False,165000,2704.92,61.0,47.0,7.0,4,10,1955.0,brick,Хамовники,,,False,,"Россия, Москва, 3-я Фрунзенская улица, 9",55.721234,37.576816,165000.0,True,50,longTerm,2026-09-03,https://www.cian.ru/rent/flat/333237906/,2,2026-09-05 11:26
332903076,rent,2,False,100000,2222.22,45.0,30.0,6.0,2,5,,panel,Хамовники,,,False,,"Москва, Кропоткинский пер, 20стр1",55.740806,37.588494,100000.0,True,50,longTerm,2026-09-04,https://www.cian.ru/rent/flat/332903076/,2,2026-09-05 11:26
333510784,rent,2,False,134000,2233.33,60.0,37.0,10.0,6,16,1967.0,panel,Хамовники,,,False,,"Россия, Москва, Большой Афанасьевский переулок, 11-13",55.746208,37.596821,134000.0,True,0,longTerm,2026-09-04,https://www.cian.ru/rent/flat/333510784/,2,2026-09-05 11:26
331622277,rent,2,False,120000,2307.69,52.0,32.0,8.0,3,8,1960.0,brick,Хамовники,,,False,,"Россия, Москва, Большая Пироговская улица, 35Ас2",55.729047,37.566117,120000.0,True,50,longTerm,2026-09-04,https://www.cian.ru/rent/flat/331622277/,2,2026-09-05 11:26
332328605,rent,2,False,130000,2083.33,62.4,,10.0,8,12,1967.0,brick,Хамовники,,,False,,"Россия, Москва, Гагаринский переулок, 24/7с1",55.745123,37.590704,130000.0,True,50,longTerm,2026-09-02,https://www.cian.ru/rent/flat/332328605/,2,2026-09-05 11:26
333569715,rent,2,False,155000,2214.29,70.0,60.0,4.0,1,14,,panel,Хамовники,,,False,,"г Москва, ул Усачёва, д 40",55.726669,37.565883,155000.0,True,50,longTerm,2026-09-03,https://www.cian.ru/rent/flat/333569715/,2,2026-09-05 11:26
331214814,rent,2,False,110000,2200.0,50.0,30.0,8.0,4,8,1961.0,brick,Хамовники,,,False,,"Россия, Москва, Малая Пироговская улица, 21",55.727166,37.566818,110000.0,True,50,longTerm,2026-08-18,https://www.cian.ru/rent/flat/331214814/,2,2026-09-05 11:26
329413808,rent,2,False,149000,2483.33,60.0,38.0,10.0,2,4,1956.0,brick,Хамовники,,,False,,"Россия, Москва, Пуговишников переулок, 9",55.731789,37.585808,149000.0,True,0,longTerm,2026-08-26,https://www.cian.ru/rent/flat/329413808/,2,2026-09-05 11:26
332752054,rent,2,False,130000,2363.64,55.0,35.0,8.0,5,8,1960.0,brick,Хамовники,,,False,,"Россия, Москва, Фрунзенская набережная, 16к1",55.730177,37.592446,130000.0,True,50,longTerm,2026-09-04,https://www.cian.ru/rent/flat/332752054/,2,2026-09-05 11:26
333477352,rent,2,False,130000,2096.77,62.0,40.0,8.5,5,5,1939.0,brick,Хамовники,,,False,,"Россия, Москва, Малый Лёвшинский переулок, 14/9с1",55.742514,37.589536,130000.0,True,50,longTerm,2026-09-02,https://www.cian.ru/rent/flat/333477352/,2,2026-09-05 11:26
321960207,rent,2,False,155000,2870.37,54.0,23.0,27.0,2,8,,,Хамовники,,,False,,"Россия, Москва, улица Хамовнический Вал, 16",55.717994,37.572369,155000.0,True,50,longTerm,2026-08-31,https://www.cian.ru/rent/flat/321960207/,2,2026-09-05 11:26
329700667,rent,2,False,95000,2111.11,45.0,27.0,10.0,2,9,1959.0,brick,Хамовники,,,False,,"Россия, Москва, улица Хамовнический Вал, 10",55.717234,37.573977,95000.0,True,45,longTerm,2026-08-30,https://www.cian.ru/rent/flat/329700667/,2,2026-09-05 11:26
280704142,rent,2,False,140000,2269.04,61.7,40.0,12.0,2,6,1926.0,brick,Хамовники,,,False,,"Россия, Москва, Кооперативная улица, 4к11",55.72455,37.56741,140000.0,True,50,longTerm,2026-08-20,https://www.cian.ru/rent/flat/280704142/,2,2026-09-05 11:26
329173420,rent,2,False,140000,2592.59,54.0,24.0,28.0,6,8,1963.0,block,Хамовники,,,False,,"Россия, Москва, Учебный переулок, 2",55.723972,37.558616,160000.0,True,0,longTerm,2026-09-04,https://www.cian.ru/rent/flat/329173420/,2,2026-09-05 11:26
332982046,rent,2,False,250000,5882.35,42.5,22.0,15.0,5,6,2022.0,,Хамовники,,,False,,"Россия, Москва, Усачёва улица, 62",55.724865,37.562874,250000.0,True,0,longTerm,2026-08-15,https://www.cian.ru/rent/flat/332982046/,2,2026-09-05 11:26
330817865,rent,2,False,180000,2769.23,65.0,,,15,16,2008.0,monolith,Хамовники,,,False,Смоленская Застава,"Россия, Москва, Ружейный переулок, 3",55.742955,37.580517,180000.0,True,0,longTerm,2026-08-26,https://www.cian.ru/rent/flat/330817865/,2,2026-09-05 11:26
333465579,rent,2,False,120000,2142.86,56.0,38.0,9.0,4,8,1961.0,brick,Хамовники,,,False,,"Россия, Москва, Новодевичий проезд, 2",55.728038,37.56008,120000.0,True,35,longTerm,2026-09-02,https://www.cian.ru/rent/flat/333465579/,2,2026-09-05 11:26
329132557,rent,2,False,140000,2258.06,62.0,36.0,10.0,7,7,1947.0,brick,Хамовники,,,False,,"Россия, Москва, Саввинская набережная, 19с1Б",55.734339,37.565012,140000.0,True,0,longTerm,2026-09-04,https://www.cian.ru/rent/flat/329132557/,2,2026-09-05 11:26
332049828,rent,2,False,130000,2600.0,50.0,32.0,9.0,6,12,1970.0,brick,Хамовники,,,False,,"Россия, Москва, Пуговишников переулок, 4",55.73292,37.586706,60000.0,True,50,longTerm,2026-09-04,https://www.cian.ru/rent/flat/332049828/,2,2026-09-05 11:26
333429294,rent,2,False,150000,2941.18,51.0,33.0,8.0,5,6,1950.0,brick,Хамовники,,,False,,"Россия, Москва, Мансуровский переулок, 10с1",55.740365,37.594378,150000.0,True,0,longTerm,2026-08-31,https://www.cian.ru/rent/flat/333429294/,2,2026-09-05 11:26
332920156,rent,2,False,500000,4761.9,105.0,23.0,37.0,11,12,,monolith,Хамовники,,,False,Barrin House,"Россия, Москва, Малая Пироговская улица, 8",55.72961,37.570474,500000.0,True,30,longTerm,2026-09-04,https://www.cian.ru/rent/flat/332920156/,2,2026-09-05 11:26
331780770,rent,2,False,110000,1964.29,56.0,34.0,10.0,1,8,1958.0,brick,Хамовники,,,False,,"Россия, Москва, Комсомольский проспект, 49",55.71914,37.572189,110000.0,True,50,longTerm,2026-08-22,https://www.cian.ru/rent/flat/331780770/,2,2026-09-05 11:26
333406237,rent,2,False,115000,2478.45,46.4,23.2,6.0,3,10,1967.0,brick,Хамовники,,,False,,"Россия, Москва, улица Льва Толстого, 3",55.731881,37.589743,115000.0,True,0,longTerm,2026-08-31,https://www.cian.ru/rent/flat/333406237/,2,2026-09-05 11:26
333030815,rent,2,False,250000,2631.58,95.0,40.0,25.0,4,7,1940.0,brick,Хамовники,,,False,,"Россия, Москва, Фрунзенская набережная, 34",55.722588,37.586239,250000.0,True,0,longTerm,2026-08-31,https://www.cian.ru/rent/flat/333030815/,2,2026-09-05 11:26
333339525,rent,2,False,150000,2307.69,65.0,38.0,12.0,3,9,1976.0,,Хамовники,,,False,,"Россия, Москва, Ружейный переулок, 4с1",55.743553,37.580894,160000.0,True,50,longTerm,2026-09-01,https://www.cian.ru/rent/flat/333339525/,2,2026-09-05 11:26
332977888,rent,2,False,120000,2608.7,46.0,28.0,10.0,4,5,1820.0,brick,Хамовники,,,False,,"Россия, Москва, Смоленский бульвар, 17с1",55.742326,37.583616,120000.0,True,50,longTerm,2026-09-02,https://www.cian.ru/rent/flat/332977888/,2,2026-09-05 11:26
332591465,rent,2,False,215000,3583.33,60.0,45.0,7.0,4,7,1961.0,brick,Хамовники,,,False,,"Россия, Москва, Смоленская улица, 3",55.745235,37.581721,215000.0,True,0,longTerm,2026-09-03,https://www.cian.ru/rent/flat/332591465/,2,2026-09-05 11:26
333228848,rent,2,False,150000,2142.86,70.0,34.0,20.0,6,12,,brick,Хамовники,,,False,,"Россия, Москва, Фрунзенская набережная, 38/1",55.721006,37.584326,150000.0,True,50,longTerm,2026-09-04,https://www.cian.ru/rent/flat/333228848/,2,2026-09-05 11:26
333505891,rent,2,False,120000,2222.22,54.0,33.0,10.0,10,14,1969.0,brick,Хамовники,,,False,,"Россия, Москва, Гагаринский переулок, 31",55.74449,37.590982,120000.0,True,50,longTerm,2026-09-03,https://www.cian.ru/rent/flat/333505891/,2,2026-09-05 11:26
319964159,rent,2,False,170000,2915.95,58.3,36.5,,5,8,1959.0,brick,Хамовники,,,False,,"Россия, Москва, Фрунзенская набережная, 14",55.730816,37.593102,170000.0,True,60,longTerm,2026-09-02,https://www.cian.ru/rent/flat/319964159/,2,2026-09-05 11:26
332808908,rent,2,False,140000,3111.11,45.0,30.0,7.0,7,8,1960.0,brick,Хамовники,,,False,,"Россия, Москва, Комсомольский проспект, 25к1",55.726533,37.582197,140000.0,True,50,longTerm,2026-08-28,https://www.cian.ru/rent/flat/332808908/,2,2026-09-05 11:26
326112060,rent,2,False,150000,2678.57,56.0,,,3,5,1926.0,brick,Хамовники,,,False,,"Россия, Москва, Кооперативная улица, 4к11",55.72455,37.56741,150000.0,True,50,longTerm,2026-08-19,https://www.cian.ru/rent/flat/326112060/,2,2026-09-05 11:26
331494094,rent,2,False,250000,5000.0,50.0,35.0,10.0,3,6,,monolithBrick,Хамовники,,,False,Roza Rossa,"Москва, Зубовская улица, 7",55.736934,37.583365,250000.0,True,0,longTerm,2026-09-01,https://www.cian.ru/rent/flat/331494094/,2,2026-09-05 11:26
333437805,rent,2,False,195000,3250.0,60.0,40.0,15.0,7,8,2021.0,monolith,Хамовники,,,False,,"Россия, Москва, Фрунзенская набережная, 16к1",55.730177,37.592446,195000.0,True,50,longTerm,2026-09-04,https://www.cian.ru/rent/flat/333437805/,2,2026-09-05 11:26
328628764,rent,2,False,110000,2444.44,45.0,36.0,7.0,5,5,1961.0,brick,Хамовники,,,False,,"Россия, Москва, Малая Пироговская улица, 6/4к1",55.730492,37.571426,110000.0,True,0,longTerm,2026-08-29,https://www.cian.ru/rent/flat/328628764/,2,2026-09-05 11:26
333367379,rent,2,False,140000,2058.82,68.0,,9.5,6,9,1958.0,,Хамовники,,,False,,"Россия, Москва, Фрунзенская набережная, 28",55.724469,37.587048,140000.0,True,50,longTerm,2026-08-31,https://www.cian.ru/rent/flat/333367379/,2,2026-09-05 11:26
333603244,rent,2,False,110000,2631.58,41.8,,8.0,5,9,1962.0,brick,Хамовники,,,False,,"Россия, Москва, 3-я Фрунзенская улица, 15",55.722639,37.573061,110000.0,True,50,longTerm,2026-09-04,https://www.cian.ru/rent/flat/333603244/,2,2026-09-05 11:26
329363630,rent,2,False,170000,2741.94,62.0,45.0,15.0,15,16,2008.0,monolith,Хамовники,,,False,Смоленская Застава,"Россия, Москва, Ружейный переулок, 3",55.742955,37.580517,200000.0,True,0,longTerm,2026-09-02,https://www.cian.ru/rent/flat/329363630/,2,2026-09-05 11:26
287004717,rent,2,False,170000,3090.91,55.0,35.0,7.0,4,9,1955.0,brick,Хамовники,,,False,,"Россия, Москва, 3-я Фрунзенская улица, 6",55.720555,37.581155,170000.0,True,0,longTerm,2026-09-03,https://www.cian.ru/rent/flat/287004717/,2,2026-09-05 11:26
333614558,rent,2,False,400000,3669.72,109.0,,,5,11,2008.0,monolithBrick,Хамовники,,,False,Фьюжн парк,"Россия, Москва, Усачёва улица, 2с3",55.730426,37.574067,400000.0,True,0,longTerm,2026-09-04,https://www.cian.ru/rent/flat/333614558/,2,2026-09-05 11:26
331606619,rent,2,False,105000,2333.33,45.0,26.0,8.0,1,7,1914.0,brick,Хамовники,,,False,,"Россия, Москва, улица Бурденко, 8/1",55.738951,37.58367,105000.0,True,50,longTerm,2026-09-04,https://www.cian.ru/rent/flat/331606619/,2,2026-09-05 11:26
333603609,rent,2,False,140000,1842.11,76.0,,10.0,8,11,1955.0,brick,Хамовники,,,False,,"Россия, Москва, Комсомольский проспект, 41",55.720864,37.574678,100000.0,True,0,longTerm,2026-09-04,https://www.cian.ru/rent/flat/333603609/,2,2026-09-05 11:26
331891002,rent,2,False,125000,2777.78,45.0,25.0,10.0,8,8,1961.0,brick,Хамовники,,,False,,"Россия, Москва, Комсомольский проспект, 27с5",55.725635,37.580957,125000.0,True,50,longTerm,2026-08-26,https://www.cian.ru/rent/flat/331891002/,2,2026-09-05 11:26
333621023,rent,2,False,450000,2812.5,160.0,,25.0,7,7,1931.0,brick,Хамовники,,,False,,"Россия, Москва, улица Ефремова, 14",55.723815,37.570959,450000.0,True,0,longTerm,2026-09-04,https://www.cian.ru/rent/flat/333621023/,2,2026-09-05 11:26
332412498,rent,2,False,170000,2428.57,70.0,35.0,12.0,6,8,1959.0,brick,Хамовники,,,False,,"Россия, Москва, Фрунзенская набережная, 14",55.730816,37.593102,170000.0,True,50,longTerm,2026-09-02,https://www.cian.ru/rent/flat/332412498/,2,2026-09-05 11:26
306754333,rent,2,False,150000,2777.78,54.0,25.0,10.0,7,9,,monolith,Хамовники,,,False,,"г Москва, ул Плющиха, д 42",55.741029,37.576313,150000.0,True,50,longTerm,2026-09-04,https://www.cian.ru/rent/flat/306754333/,2,2026-09-05 11:26
330306155,rent,2,False,150000,2777.78,54.0,40.0,10.0,8,8,1956.0,brick,Хамовники,,,False,,"Россия, Москва, Смоленская-Сенная площадь, 23/25",55.743923,37.582655,150000.0,True,0,longTerm,2026-08-25,https://www.cian.ru/rent/flat/330306155/,2,2026-09-05 11:26
329942440,rent,2,False,125000,2948.11,42.4,29.0,7.0,8,8,1961.0,brick,Хамовники,,,False,,"Россия, Москва, Комсомольский проспект, 40",55.721873,37.573977,125000.0,True,30,longTerm,2026-09-04,https://www.cian.ru/rent/flat/329942440/,2,2026-09-05 11:26
333328307,rent,2,False,440000,4835.16,91.0,,,9,9,1939.0,brick,Хамовники,,,False,,"Москва, Ростовская наб, 5",55.742189,37.574992,440000.0,True,0,longTerm,2026-09-05,https://www.cian.ru/rent/flat/333328307/,2,2026-09-05 11:26
333490000,rent,2,False,180000,2278.48,79.0,45.0,12.0,6,12,1971.0,brick,Хамовники,,,False,,"Россия, Москва, переулок Сивцев Вражек, 9А",55.747282,37.596704,180000.0,True,50,longTerm,2026-09-04,https://www.cian.ru/rent/flat/333490000/,2,2026-09-05 11:26
333086556,rent,2,False,130000,2363.64,55.0,35.0,8.0,4,9,1946.0,brick,Хамовники,,,False,,"Москва, Москва городской округ, г Москва, Саввинская наб, 3",55.738799,37.570977,100000.0,True,0,longTerm,2026-08-26,https://www.cian.ru/rent/flat/333086556/,2,2026-09-05 11:26
332806823,rent,2,False,385000,3745.14,102.8,50.0,,10,11,2008.0,monolithBrick,Хамовники,,,False,Фьюжн парк,"Россия, Москва, Усачёва улица, 2с3",55.730426,37.574067,385000.0,True,25,longTerm,2026-09-02,https://www.cian.ru/rent/flat/332806823/,2,2026-09-05 11:26
166061330,rent,2,False,130000,2954.55,44.0,32.0,7.0,3,8,1961.0,brick,Хамовники,,,False,,"Россия, Москва, Комсомольский проспект, 30",55.725225,37.578487,130000.0,True,20,longTerm,2026-08-19,https://www.cian.ru/rent/flat/166061330/,2,2026-09-05 11:26
332316876,rent,2,False,185000,2642.86,70.0,40.0,,7,7,,,Хамовники,,,False,,"Россия, Москва г, Саввинская наб, дом № 19, строение 1А",55.733908,37.56459,185000.0,True,30,longTerm,2026-09-03,https://www.cian.ru/rent/flat/332316876/,2,2026-09-05 11:26
333412705,rent,2,False,150000,3125.0,48.0,30.0,8.0,16,17,1967.0,panel,Хамовники,,,False,,"Россия, Москва, Смоленский бульвар, 6-8",55.740517,37.586338,50000.0,True,0,fewMonths,2026-09-03,https://www.cian.ru/rent/flat/333412705/,2,2026-09-05 11:26
328840765,rent,2,False,550000,5807.81,94.7,,,3,10,,monolith,Хамовники,,,False,GRAND DELUXE на Плющихе,"Москва, Погодинская улица, 4, секция 5",55.734973,37.571013,550000.0,True,0,longTerm,2026-09-03,https://www.cian.ru/rent/flat/328840765/,2,2026-09-05 11:26
331000060,rent,2,False,1350000,13500.0,100.0,,,9,14,2022.0,,Хамовники,,,False,Садовые кварталы,"Россия, Москва, Усачёва улица, 15А",55.7256,37.570276,1350000.0,True,0,longTerm,2026-08-10,https://www.cian.ru/rent/flat/331000060/,2,2026-09-05 11:26
265531042,rent,2,False,110000,2444.44,45.0,27.0,6.0,3,5,1961.0,brick,Хамовники,,,False,,"Россия, Москва, Кропоткинский переулок, 20с1",55.740806,37.588494,110000.0,True,20,longTerm,2026-09-04,https://www.cian.ru/rent/flat/265531042/,2,2026-09-05 11:26
332949120,rent,2,False,160000,3200.0,50.0,30.0,10.0,5,8,1961.0,brick,Хамовники,,,False,,"Москва, Хамовники район, Пироговская М. ул., д.21",55.727166,37.566818,160000.0,True,50,longTerm,2026-09-04,https://www.cian.ru/rent/flat/332949120/,2,2026-09-05 11:26
318509057,rent,2,False,450000,6923.08,65.0,,,2,9,2021.0,monolith,Хамовники,,,False,SAVVIN RIVER RESIDENCE,"Москва, Саввинская наб, 13",55.73554,37.567267,450000.0,True,0,longTerm,2026-09-05,https://www.cian.ru/rent/flat/318509057/,2,2026-09-05 11:26
333199029,rent,2,False,115000,2613.64,44.0,,,5,5,1961.0,brick,Хамовники,,,False,,"Россия, Москва, Большой Саввинский переулок, 16",55.731495,37.563934,115000.0,True,0,longTerm,2026-09-03,https://www.cian.ru/rent/flat/333199029/,2,2026-09-05 11:26
331806043,rent,2,False,120000,2230.48,53.8,34.0,6.7,4,9,1946.0,brick,Хамовники,,,False,,"Москва, Саввинская наб, 3",55.738799,37.570977,120000.0,True,30,longTerm,2026-09-03,https://www.cian.ru/rent/flat/331806043/,2,2026-09-05 11:26
333054403,rent,2,False,500000,7936.51,63.0,40.0,15.0,3,12,2022.0,monolith,Хамовники,,,False,Садовые кварталы,"Россия, Москва, Усачёва улица, 15",55.726836,37.570357,1000000.0,True,50,longTerm,2026-09-03,https://www.cian.ru/rent/flat/333054403/,2,2026-09-05 11:26
321472838,rent,2,False,165000,2750.0,60.0,45.0,,3,11,1956.0,brick,Хамовники,,,False,,"Россия, Москва, Смоленская-Сенная площадь, 23/25",55.743923,37.582655,165000.0,True,0,longTerm,2026-09-01,https://www.cian.ru/rent/flat/321472838/,2,2026-09-05 11:26
333214580,rent,2,False,210000,3230.77,65.0,40.0,15.0,2,11,1956.0,monolith,Хамовники,,,False,,"Россия, Москва, Смоленская-Сенная площадь, 23/25",55.743923,37.582655,280000.0,True,50,longTerm,2026-09-03,https://www.cian.ru/rent/flat/333214580/,2,2026-09-05 11:26
320360756,rent,2,False,150000,3409.09,44.0,25.0,6.0,4,5,1959.0,brick,Хамовники,,,False,,"Россия, Москва, улица Ефремова, 15/22",55.723962,37.573285,150000.0,True,40,longTerm,2026-08-22,https://www.cian.ru/rent/flat/320360756/,2,2026-09-05 11:26
333342236,rent,2,False,140000,2121.21,66.0,45.0,12.0,2,15,1951.0,brick,Хамовники,,,False,,"Россия, Москва город, набережная Фрунзенская, дом 24",55.725463,37.587515,140000.0,True,60,longTerm,2026-09-04,https://www.cian.ru/rent/flat/333342236/,2,2026-09-05 11:26
333539555,rent,2,False,160000,2635.91,60.7,34.5,,7,9,1976.0,,Хамовники,,,False,,"Россия, Москва, Ружейный переулок, 4с1",55.743553,37.580894,160000.0,True,0,longTerm,2026-09-02,https://www.cian.ru/rent/flat/333539555/,2,2026-09-05 11:26
328825424,rent,2,False,150000,3409.09,44.0,,6.0,5,8,1962.0,brick,Хамовники,,,False,,"Россия, Москва, Новодевичий проезд, 4",55.728976,37.558688,150000.0,True,0,longTerm,2026-08-14,https://www.cian.ru/rent/flat/328825424/,2,2026-09-05 11:26
333430781,rent,2,False,170000,4047.62,42.0,26.0,,1,14,1969.0,brick,Хамовники,,,False,,"Россия, Москва, Гагаринский переулок, 31",55.74449,37.590982,170000.0,True,50,longTerm,2026-09-04,https://www.cian.ru/rent/flat/333430781/,2,2026-09-05 11:26
333505026,rent,2,False,299999,5128.19,58.5,,,2,9,1968.0,brick,Хамовники,,,False,,"Россия, Москва, улица Пречистенка, 30/2",55.741323,37.591764,299999.0,True,0,longTerm,2026-09-04,https://www.cian.ru/rent/flat/333505026/,2,2026-09-05 11:26
280101216,rent,2,False,120000,2352.94,51.0,35.0,9.0,1,7,1953.0,brick,Хамовники,,,False,,"Россия, Москва, Саввинская набережная, 19с1А",55.733908,37.56459,120000.0,True,50,longTerm,2026-08-28,https://www.cian.ru/rent/flat/280101216/,2,2026-09-05 11:26
333416073,rent,2,False,180000,2571.43,70.0,,10.0,15,16,,brick,Хамовники,,,False,Смоленская Застава,"Россия, Москва город, переулок Ружейный, дом 3",55.742955,37.580517,180000.0,True,0,longTerm,2026-09-03,https://www.cian.ru/rent/flat/333416073/,2,2026-09-05 11:26
330688939,rent,2,False,300000,3750.0,80.0,,10.0,5,9,,brick,Хамовники,,,False,,"Москва, Зубовский бульвар, д. 16-20",55.738596,37.588593,300000.0,True,0,longTerm,2026-09-04,https://www.cian.ru/rent/flat/330688939/,2,2026-09-05 11:26
333213766,rent,2,False,200000,2666.67,75.0,55.0,11.0,2,9,1959.0,,Хамовники,,,False,,"Россия, Москва, Фрунзенская набережная, 36/2",55.722157,37.584721,200000.0,True,0,longTerm,2026-09-03,https://www.cian.ru/rent/flat/333213766/,2,2026-09-05 11:26
320882224,rent,2,False,195000,3250.0,60.0,40.0,15.0,7,8,,,Хамовники,,,False,,"Россия, Москва, Фрунзенская набережная, 16к1",55.730177,37.592446,195000.0,True,0,longTerm,2026-08-07,https://www.cian.ru/rent/flat/320882224/,2,2026-09-05 11:26
326428233,rent,2,False,300000,4054.05,74.0,55.0,10.0,1,5,1998.0,block,Хамовники,,,False,,"Россия, Москва, Курсовой переулок, 8/2",55.740537,37.604807,300000.0,True,50,longTerm,2026-08-22,https://www.cian.ru/rent/flat/326428233/,2,2026-09-05 11:26
332183594,rent,2,False,500000,7153.08,69.9,36.0,9.4,4,15,2015.0,monolith,Хамовники,,,False,Barrin House,"Россия, Москва, Малая Пироговская улица, 8",55.72961,37.570474,600000.0,True,0,longTerm,2026-09-04,https://www.cian.ru/rent/flat/332183594/,2,2026-09-05 11:26
333288975,rent,2,False,350000,7291.67,48.0,32.0,7.0,3,7,1944.0,brick,Хамовники,,,False,,"Россия, Москва, Смоленский бульвар, 7",55.740472,37.584272,350000.0,True,0,longTerm,2026-08-25,https://www.cian.ru/rent/flat/333288975/,2,2026-09-05 11:26
322661814,rent,2,False,180000,2950.82,61.0,33.0,9.0,8,8,1957.0,brick,Хамовники,,,False,,"Россия, Москва, улица Хамовнический Вал, 4",55.716752,37.57678,100.0,True,0,longTerm,2026-09-03,https://www.cian.ru/rent/flat/322661814/,2,2026-09-05 11:26
331888468,rent,2,False,210000,3000.0,70.0,40.0,6.0,4,16,1957.0,brick,Хамовники,,,False,,"Россия, Москва, Фрунзенская набережная, 50",55.718633,37.576879,210000.0,True,0,longTerm,2026-08-19,https://www.cian.ru/rent/flat/331888468/,2,2026-09-05 11:26
322523116,rent,2,False,210000,4666.67,45.0,35.0,6.0,2,14,,,Хамовники,,,False,,"Россия, Москва, Усачёва улица, 40",55.726669,37.565883,30000.0,True,0,fewMonths,2026-09-04,https://www.cian.ru/rent/flat/322523116/,2,2026-09-05 11:26
332374778,rent,2,False,160000,2424.24,66.0,42.0,10.0,4,6,,monolith,Хамовники,,,False,,"г Москва, ул Кооперативная, д 2 к 12",55.724778,37.567069,160000.0,True,0,longTerm,2026-09-03,https://www.cian.ru/rent/flat/332374778/,2,2026-09-05 11:26
332340384,rent,2,False,200000,3846.15,52.0,45.0,5.0,7,9,1939.0,brick,Хамовники,,,False,,"Россия, Москва, Фрунзенская набережная, 52",55.717046,37.578954,200000.0,True,0,longTerm,2026-08-25,https://www.cian.ru/rent/flat/332340384/,2,2026-09-05 11:26
