cian_id,deal_type,rooms,is_studio,price_rub,price_per_m2,total_area,living_area,kitchen_area,floor,floors_total,build_year,material,district,microdistrict,sale_type,is_newbuild,jk_name,address,metro,metro_time,metro_transport,lat,lng,deposit,utilities_included,client_fee_pct,lease_term,added,url,subcategory,collected_at
333018160,rent,3,False,1000000,9090.91,110.0,73.0,5.0,2,9,,monolith,Хамовники,,,False,SAVVIN RIVER RESIDENCE,"Москва, Саввинская набережная, д. 13",Киевская,12,пешком,55.73554,37.567267,1000000.0,True,0,longTerm,2026-09-03,https://www.cian.ru/rent/flat/333018160/,3plus,2026-09-05 11:27
330228248,rent,3,False,1500000,13636.36,110.0,63.0,8.0,8,16,,monolithBrick,Хамовники,,,False,Садовые кварталы,"Москва, Улица Усачева 13",Спортивная,7,пешком,55.726157,37.57201,1500000.0,True,0,longTerm,2026-09-03,https://www.cian.ru/rent/flat/330228248/,3plus,2026-09-05 11:27
199026530,rent,3,False,140000,1866.67,75.0,48.0,12.0,4,7,1940.0,brick,Хамовники,,,False,,"Россия, Москва, Фрунзенская набережная, 34",Фрунзенская,11,пешком,55.722588,37.586239,140000.0,True,0,longTerm,2026-09-04,https://www.cian.ru/rent/flat/199026530/,3plus,2026-09-05 11:27
332282306,rent,5,False,1450000,5800.0,250.0,168.0,18.0,3,5,,brick,Хамовники,,,False,,"Москва, Пречистенка 27",Парк Культуры,7,пешком,55.740421,37.591386,1450000.0,True,0,longTerm,2026-09-04,https://www.cian.ru/rent/flat/332282306/,3plus,2026-09-05 11:27
333311029,rent,4,False,2500000,7812.5,320.0,175.0,30.0,2,8,,monolith,Хамовники,,,False,Парк Палас,"Россия, Москва, Хилков переулок, 1",Парк Культуры,6,пешком,55.736681,37.599319,2500000.0,True,0,longTerm,2026-09-04,https://www.cian.ru/rent/flat/333311029/,3plus,2026-09-05 11:27
331806342,rent,5,False,280000,2666.67,105.0,84.0,10.0,3,6,,old,Хамовники,,,False,,"Москва, Пречистенка, 36с1",Парк Культуры,8,пешком,55.740046,37.589042,280000.0,True,0,longTerm,2026-09-04,https://www.cian.ru/rent/flat/331806342/,3plus,2026-09-05 11:27
333236453,rent,3,False,1100000,10000.0,110.0,76.0,7.0,4,9,,monolith,Хамовники,,,False,SAVVIN RIVER RESIDENCE,"Москва, Саввинская набережная, д. 13",Киевская,12,пешком,55.73554,37.567267,1100000.0,True,0,longTerm,2026-09-05,https://www.cian.ru/rent/flat/333236453/,3plus,2026-09-05 11:27
330405494,rent,4,False,600000,3389.83,177.0,140.0,15.0,10,10,,monolith,Хамовники,,,False,Спорт Хаус,"Москва, 3-я Фрунзенская, 5к1",Фрунзенская,14,пешком,55.719688,37.578352,600000.0,True,0,longTerm,2026-09-04,https://www.cian.ru/rent/flat/330405494/,3plus,2026-09-05 11:27
333188705,rent,5,False,2500000,7861.64,318.0,,,2,8,2009.0,monolith,Хамовники,,,False,Парк Палас,"Москва, Хилков пер, 1",Парк Культуры,6,пешком,55.736681,37.599319,2500000.0,True,0,longTerm,2026-09-05,https://www.cian.ru/rent/flat/333188705/,3plus,2026-09-05 11:27
332402314,rent,4,False,580000,3352.6,173.0,,18.0,3,5,1911.0,brick,Хамовники,,,False,,"Россия, Москва, Малый Лёвшинский переулок, 7с1",Смоленская,9,пешком,55.741982,37.588916,580000.0,True,50,longTerm,2026-08-31,https://www.cian.ru/rent/flat/332402314/,3plus,2026-09-05 11:27
331889569,rent,6,False,3500000,11475.41,305.0,,,2,6,2019.0,brick,Хамовники,,,False,Садовые кварталы,"Россия, Москва, Усачёва улица, 11",Спортивная,9,пешком,55.72746,37.570698,3500000.0,True,0,longTerm,2026-09-04,https://www.cian.ru/rent/flat/331889569/,3plus,2026-09-05 11:27
333508704,rent,3,False,389000,4322.22,90.0,,40.0,7,9,1946.0,brick,Хамовники,,,False,,"Россия, Москва, Саввинская набережная, 3",Смоленская,18,пешком,55.738799,37.570977,389000.0,True,0,longTerm,2026-09-02,https://www.cian.ru/rent/flat/333508704/,3plus,2026-09-05 11:27
333277525,rent,4,False,2500000,9803.92,255.0,,,2,8,2009.0,brick,Хамовники,,,False,Парк Палас,"Россия, Москва, Хилков переулок, 1",Кропоткинская,14,пешком,55.736681,37.599319,2500000.0,True,0,longTerm,2026-08-31,https://www.cian.ru/rent/flat/333277525/,3plus,2026-09-05 11:27
332603369,rent,3,False,890000,9368.42,95.0,,5.0,2,13,,monolith,Хамовники,,,False,Садовые кварталы,"Москва, Усачёва улица, 15А",Лужники,12,пешком,55.7256,37.570276,890000.0,True,0,longTerm,2026-09-04,https://www.cian.ru/rent/flat/332603369/,3plus,2026-09-05 11:27
333568010,rent,5,False,3500000,11666.67,300.0,,,3,6,,monolithBrick,Хамовники,,,False,Садовые кварталы,"Москва, Усачева улица, 11Ж, квартал 3(3.7)",Фрунзенская,14,пешком,55.726979,37.570851,3500000.0,True,0,longTerm,2026-09-04,https://www.cian.ru/rent/flat/333568010/,3plus,2026-09-05 11:27
329513807,rent,6,False,3500000,11475.41,305.0,170.0,25.0,2,16,,monolithBrick,Хамовники,,,False,Садовые кварталы,"Россия, Москва, ул. Усачева, 11К",Спортивная,9,пешком,55.72777,37.571354,3500000.0,True,0,longTerm,2026-09-04,https://www.cian.ru/rent/flat/329513807/,3plus,2026-09-05 11:27
333260685,rent,3,False,750000,5067.57,148.0,66.0,30.0,3,11,,monolith,Хамовники,,,False,GRAND DELUXE на Плющихе,"Москва, Погодинская улица, 4",Фрунзенская,16,пешком,55.734973,37.571013,750000.0,True,0,longTerm,2026-09-03,https://www.cian.ru/rent/flat/333260685/,3plus,2026-09-05 11:27
333487815,rent,4,False,400000,3478.26,115.0,,10.0,7,14,2013.0,monolith,Хамовники,,,False,Дом на Трубецкой,"Россия, Москва, Трубецкая улица, 10",Фрунзенская,6,пешком,55.727328,37.575792,400000.0,True,50,longTerm,2026-09-04,https://www.cian.ru/rent/flat/333487815/,3plus,2026-09-05 11:27
329439271,rent,3,False,800000,6153.85,130.0,,,2,6,1917.0,brick,Хамовники,,,False,,"Россия, Москва, улица Пречистенка, 33/19с1",Парк Культуры,8,пешком,55.73963,37.589868,800000.0,True,0,longTerm,2026-09-04,https://www.cian.ru/rent/flat/329439271/,3plus,2026-09-05 11:27
331106520,rent,3,False,800000,5925.93,135.0,,,2,6,,,Хамовники,,,False,,"Москва, Пречистенка улица, д. 33 стр. 1/19",Парк Культуры,8,пешком,55.73963,37.589868,800000.0,True,0,longTerm,2026-09-04,https://www.cian.ru/rent/flat/331106520/,3plus,2026-09-05 11:27
333536645,rent,3,False,140000,1627.91,86.0,50.0,7.0,8,9,1958.0,brick,Хамовники,,,False,,"Россия, Москва, 3-я Фрунзенская улица, 7",Фрунзенская,14,пешком,55.719911,37.576825,140000.0,True,20,longTerm,2026-09-04,https://www.cian.ru/rent/flat/333536645/,3plus,2026-09-05 11:27
333565414,rent,3,False,490000,2378.64,206.0,150.0,20.0,4,7,,monolith,Хамовники,,,False,,"Москва, Пречистенка, 40/2, стр. 2",Парк Культуры,9,пешком,55.739362,37.587578,490000.0,True,0,longTerm,2026-09-04,https://www.cian.ru/rent/flat/333565414/,3plus,2026-09-05 11:27
333045208,rent,4,False,4500000,15254.24,295.0,250.0,30.0,5,7,2017.0,monolith,Хамовники,,,False,Knightsbridge Private Park,"Москва, Ефремова 19к1",Спортивная,6,пешком,55.722568,37.570357,4500000.0,True,0,longTerm,2026-09-03,https://www.cian.ru/rent/flat/333045208/,3plus,2026-09-05 11:27
333008575,rent,5,False,2750000,10230.65,268.8,,,7,7,2019.0,,Хамовники,,,False,Клубный дом Bunin,"Россия, Москва, улица Плющиха, 37",Киевская,11,пешком,55.741049,37.577427,2750000.0,True,0,longTerm,2026-09-05,https://www.cian.ru/rent/flat/333008575/,3plus,2026-09-05 11:27
333562220,rent,5,False,1600000,6751.05,237.0,,25.0,2,6,1914.0,brick,Хамовники,,,False,,"Москва, Чистый переулок, 6с2",Кропоткинская,10,пешком,55.743086,37.591755,1600000.0,True,0,longTerm,2026-09-05,https://www.cian.ru/rent/flat/333562220/,3plus,2026-09-05 11:27
332914454,rent,4,False,1000000,4081.63,245.0,169.0,20.0,2,8,,monolithBrick,Хамовники,,,False,Новая Остоженка,"Москва, 1-й Зачатьевский переулок, 5",Кропоткинская,10,пешком,55.739022,37.603819,1000000.0,True,0,longTerm,2026-09-03,https://www.cian.ru/rent/flat/332914454/,3plus,2026-09-05 11:27
333344277,rent,3,False,170000,2361.11,72.0,51.0,10.0,5,5,1959.0,monolith,Хамовники,,,False,,"Россия, Москва, улица Ефремова, 11",Фрунзенская,7,пешком,55.7242,37.57554,170000.0,True,50,longTerm,2026-09-03,https://www.cian.ru/rent/flat/333344277/,3plus,2026-09-05 11:27
331848415,rent,4,False,450000,3333.33,135.0,97.0,6.0,7,7,,old,Хамовники,,,False,,"Москва, Остоженка, 5",Кропоткинская,3,пешком,55.74333,37.601439,450000.0,True,0,longTerm,2026-09-02,https://www.cian.ru/rent/flat/331848415/,3plus,2026-09-05 11:27
329750837,rent,4,False,700000,3553.3,197.0,98.0,20.0,14,16,,monolithBrick,Хамовники,,,False,Смоленская Застава,"Москва, Ружейный переулок, 3",Смоленская,10,пешком,55.742955,37.580517,700000.0,True,0,longTerm,2026-09-03,https://www.cian.ru/rent/flat/329750837/,3plus,2026-09-05 11:27
262351866,rent,3,False,145000,1956.82,74.1,49.5,7.1,4,6,1930.0,brick,Хамовники,,,False,,"Россия, Москва, 2-й переулок Тружеников, 4/19с1",Фрунзенская,13,пешком,55.736113,37.573492,145000.0,True,0,longTerm,2026-09-04,https://www.cian.ru/rent/flat/262351866/,3plus,2026-09-05 11:27
333574347,rent,5,False,1800000,7826.09,230.0,,,4,14,2014.0,monolith,Хамовники,,,False,GRAND DELUXE на Плющихе,"Россия, Москва, Погодинская улица, 4",Фрунзенская,16,пешком,55.734973,37.571013,1800000.0,True,0,longTerm,2026-09-04,https://www.cian.ru/rent/flat/333574347/,3plus,2026-09-05 11:27
332881528,rent,4,False,550000,4337.54,126.8,,15.0,1,6,,monolith,Хамовники,,,False,Власьевская Слобода,"Москва, Гагаринский переулок, д. 24/7 стр. 2",Смоленская,9,пешком,55.745377,37.590578,550000.0,True,0,longTerm,2026-09-04,https://www.cian.ru/rent/flat/332881528/,3plus,2026-09-05 11:27
332959419,rent,4,False,400000,1481.48,270.0,,,6,6,1913.0,brick,Хамовники,,,False,,"Россия, Москва, Малый Могильцевский переулок, 4Б",Кропоткинская,10,пешком,55.74451,37.58977,400000.0,True,0,longTerm,2026-08-15,https://www.cian.ru/rent/flat/332959419/,3plus,2026-09-05 11:27
328101507,rent,4,False,1300000,6500.0,200.0,,,2,15,2015.0,monolith,Хамовники,,,False,Barrin House,"Россия, Москва, Малая Пироговская улица, 8",Спортивная,11,пешком,55.72961,37.570474,1300000.0,True,0,longTerm,2026-09-04,https://www.cian.ru/rent/flat/328101507/,3plus,2026-09-05 11:27
333303991,rent,3,False,330000,2946.43,112.0,51.0,15.0,5,16,,monolith,Хамовники,,,False,Смоленская Застава,"Москва, Ружейный переулок, 3",Смоленская,10,пешком,55.742955,37.580517,330000.0,True,0,longTerm,2026-09-03,https://www.cian.ru/rent/flat/333303991/,3plus,2026-09-05 11:27
333305631,rent,3,False,150000,2142.86,70.0,55.0,10.0,6,14,1950.0,monolith,Хамовники,,,False,,"Россия, Москва, Фрунзенская набережная, 38/1",Фрунзенская,13,пешком,55.721006,37.584326,150000.0,True,50,longTerm,2026-09-03,https://www.cian.ru/rent/flat/333305631/,3plus,2026-09-05 11:27
330680376,rent,6,False,3500000,11475.41,305.0,,,2,5,,monolithBrick,Хамовники,,,False,Садовые кварталы,"Москва, Усачева улица, 11К, квартал 3(3.9)",Фрунзенская,13,пешком,55.72777,37.571354,3500000.0,True,0,longTerm,2026-09-04,https://www.cian.ru/rent/flat/330680376/,3plus,2026-09-05 11:27
331106518,rent,5,False,1450000,5918.37,245.0,,18.0,3,6,,brick,Хамовники,,,False,,"Москва, Пречистенка улица, д. 27",Парк Культуры,7,пешком,55.740421,37.591386,1450000.0,True,0,longTerm,2026-09-04,https://www.cian.ru/rent/flat/331106518/,3plus,2026-09-05 11:27
333550240,rent,4,False,380000,1871.92,203.0,130.0,,2,6,1998.0,monolithBrick,Хамовники,,,False,,"Россия, Москва, Курсовой переулок, 6/1",Кропоткинская,7,пешком,55.741039,37.605409,380000.0,True,0,longTerm,2026-09-03,https://www.cian.ru/rent/flat/333550240/,3plus,2026-09-05 11:27
332679243,rent,6,False,3500000,11475.41,305.0,,20.0,2,6,,monolith,Хамовники,,,False,Садовые кварталы,"Москва, Усачёва ул., д. 11",Лужники,15,пешком,55.72746,37.570698,3500000.0,True,0,longTerm,2026-09-04,https://www.cian.ru/rent/flat/332679243/,3plus,2026-09-05 11:27
333133918,rent,4,False,250000,2336.45,107.0,73.0,15.0,2,5,,,Хамовники,,,False,,"Москва, Пречистенский пер., 18",Кропоткинская,8,пешком,55.743978,37.591907,250000.0,True,0,longTerm,2026-09-05,https://www.cian.ru/rent/flat/333133918/,3plus,2026-09-05 11:27
297845842,rent,3,False,185000,2642.86,70.0,39.0,8.0,3,4,1922.0,brick,Хамовники,,,False,,"Россия, Москва, Фрунзенская набережная, 10",Парк Культуры,6,пешком,55.732732,37.594692,185000.0,True,0,longTerm,2026-08-24,https://www.cian.ru/rent/flat/297845842/,3plus,2026-09-05 11:27
332240797,rent,6,False,3000000,4739.34,633.0,,15.0,4,5,1910.0,brick,Хамовники,,,False,,"Россия, Москва, улица Пречистенка, 27",Парк Культуры,7,пешком,55.740421,37.591386,3000000.0,True,0,longTerm,2026-09-04,https://www.cian.ru/rent/flat/332240797/,3plus,2026-09-05 11:27
333582227,rent,3,False,1000000,7246.38,138.0,60.0,30.0,3,15,2015.0,monolith,Хамовники,,,False,Barrin House,"Россия, Москва, Малая Пироговская улица, 8",Спортивная,11,пешком,55.72961,37.570474,1000000.0,True,0,longTerm,2026-09-04,https://www.cian.ru/rent/flat/333582227/,3plus,2026-09-05 11:27
333359920,rent,3,False,100000,1492.54,67.0,48.0,9.0,3,7,1932.0,brick,Хамовники,,,False,,"Россия, Москва, Большой Афанасьевский переулок, 5",Кропоткинская,6,пешком,55.745453,37.596381,100000.0,True,0,longTerm,2026-09-02,https://www.cian.ru/rent/flat/333359920/,3plus,2026-09-05 11:27
331740996,rent,3,False,190000,2209.3,86.0,65.0,10.0,4,7,,stalin,Хамовники,,,False,,"Москва, Фрунзенская набережная, 32",Фрунзенская,12,пешком,55.723521,37.58694,190000.0,True,0,longTerm,2026-09-01,https://www.cian.ru/rent/flat/331740996/,3plus,2026-09-05 11:27
329522456,rent,5,False,1600000,6751.05,237.0,157.0,25.0,2,6,,,Хамовники,,,False,,"Москва, Чистый пер., 6, стр. 2",Кропоткинская,10,пешком,55.743086,37.591755,1600000.0,True,0,longTerm,2026-09-05,https://www.cian.ru/rent/flat/329522456/,3plus,2026-09-05 11:27
332179776,rent,4,False,150000,1363.64,110.0,,10.0,11,16,,,Хамовники,,,False,,"Москва, Малый Власьевский переулок, 7",Смоленская,9,пешком,55.74639,37.592644,150000.0,True,0,longTerm,2026-09-04,https://www.cian.ru/rent/flat/332179776/,3plus,2026-09-05 11:27
332278540,rent,4,False,950000,5828.22,163.0,,,3,12,2012.0,brick,Хамовники,,,False,Андреевский,"Россия, Москва, 2-я Фрунзенская улица, 8",Фрунзенская,9,пешком,55.723699,37.583697,1900000.0,True,0,longTerm,2026-09-04,https://www.cian.ru/rent/flat/332278540/,3plus,2026-09-05 11:27
332939350,rent,3,False,750000,5154.64,145.5,,12.0,3,11,2014.0,monolith,Хамовники,,,False,GRAND DELUXE на Плющихе,"Россия, Москва, Погодинская улица, 4",Фрунзенская,16,пешком,55.734973,37.571013,850000.0,True,0,longTerm,2026-09-04,https://www.cian.ru/rent/flat/332939350/,3plus,2026-09-05 11:27
333523939,rent,4,False,599000,3152.63,190.0,170.0,10.0,6,6,,brick,Хамовники,,,False,,"Москва, Мансуровский переулок, 5",Парк Культуры,5,пешком,55.73963,37.594755,599000.0,True,0,longTerm,2026-09-04,https://www.cian.ru/rent/flat/333523939/,3plus,2026-09-05 11:27
333133912,rent,3,False,330000,2946.43,112.0,70.0,15.0,5,16,,,Хамовники,,,False,Смоленская Застава,"Москва, Ружейный пер., 3",Смоленская,10,пешком,55.742955,37.580517,330000.0,True,0,longTerm,2026-09-05,https://www.cian.ru/rent/flat/333133912/,3plus,2026-09-05 11:27
331964872,rent,4,False,600000,3157.89,190.0,99.0,28.0,3,7,,,Хамовники,,,False,Колымажный 10,"Москва, Колымажный переулок, 10",Кропоткинская,5,пешком,55.748199,37.604403,600000.0,True,0,longTerm,2026-09-05,https://www.cian.ru/rent/flat/331964872/,3plus,2026-09-05 11:27
333203983,rent,4,False,250000,2336.45,107.0,,,2,5,1895.0,brick,Хамовники,,,False,,"Москва, Пречистенский пер, 18",Кропоткинская,8,пешком,55.743978,37.591907,250000.0,True,0,longTerm,2026-09-05,https://www.cian.ru/rent/flat/333203983/,3plus,2026-09-05 11:27
327297849,rent,5,False,650000,2954.55,220.0,,,3,8,1998.0,monolith,Хамовники,,,False,,"Россия, Москва, Сеченовский переулок, 2",Парк Культуры,6,пешком,55.740892,37.596588,650000.0,True,0,longTerm,2026-08-26,https://www.cian.ru/rent/flat/327297849/,3plus,2026-09-05 11:27
332513009,rent,3,False,1000000,6097.56,164.0,95.0,15.0,6,7,,,Хамовники,,,False,Парк Палас,"Москва, Хилков пер., 1",Парк Культуры,6,пешком,55.736681,37.599319,1000000.0,True,0,longTerm,2026-09-05,https://www.cian.ru/rent/flat/332513009/,3plus,2026-09-05 11:27
333091426,rent,5,False,850000,5944.06,143.0,89.0,8.0,11,12,,,Хамовники,,,False,Садовые кварталы,"Москва, Ефремова ул., 10, корп. 1",Фрунзенская,8,пешком,55.725154,37.574507,850000.0,True,0,longTerm,2026-09-05,https://www.cian.ru/rent/flat/333091426/,3plus,2026-09-05 11:27
333349722,rent,4,False,600000,3488.37,172.0,97.0,30.0,3,7,2006.0,monolithBrick,Хамовники,,,False,Колымажный 10,"Россия, Москва город, переулок Колымажный, дом 10",Арбатская,7,пешком,55.748199,37.604403,600000.0,True,0,longTerm,2026-09-04,https://www.cian.ru/rent/flat/333349722/,3plus,2026-09-05 11:27
332798905,rent,4,False,600000,3508.77,171.0,114.0,19.0,3,8,,monolithBrick,Хамовники,,,False,Колымажный 10,"Москва, Колымажный переулок, 10",Боровицкая,6,пешком,55.748199,37.604403,600000.0,True,0,longTerm,2026-09-04,https://www.cian.ru/rent/flat/332798905/,3plus,2026-09-05 11:27
333054401,rent,3,False,220000,3548.39,62.0,46.5,10.0,3,8,1936.0,monolith,Хамовники,,,False,,"Россия, Москва, Староконюшенный переулок, 19",Кропоткинская,6,пешком,55.745671,37.594881,200000.0,True,50,longTerm,2026-09-04,https://www.cian.ru/rent/flat/333054401/,3plus,2026-09-05 11:27
331222715,rent,3,False,800000,5925.93,135.0,92.0,22.0,2,6,1917.0,,Хамовники,,,False,,Пречистенка 33/19С1,Парк Культуры,8,пешком,55.73963,37.589868,800000.0,True,0,longTerm,2026-09-04,https://www.cian.ru/rent/flat/331222715/,3plus,2026-09-05 11:27
331734747,rent,5,False,1450000,5918.37,245.0,170.0,23.0,3,5,1910.0,brick,Хамовники,,,False,,улица пречистенка 27,Парк Культуры,7,пешком,55.740421,37.591386,,True,0,longTerm,2026-09-04,https://www.cian.ru/rent/flat/331734747/,3plus,2026-09-05 11:27
193511208,rent,3,False,130000,2063.49,63.0,48.0,,6,9,1955.0,brick,Хамовники,,,False,,"Россия, Москва, 3-я Фрунзенская улица, 6",Фрунзенская,13,пешком,55.720555,37.581155,130000.0,True,0,longTerm,2026-09-04,https://www.cian.ru/rent/flat/193511208/,3plus,2026-09-05 11:27
331406066,rent,3,False,300000,2500.0,120.0,63.0,15.0,7,7,,,Хамовники,,,False,Clerkenwell House,"Москва, Комсомольский пр-т., 42, стр. 2",Спортивная,8,пешком,55.721731,37.572899,300000.0,True,0,longTerm,2026-09-05,https://www.cian.ru/rent/flat/331406066/,3plus,2026-09-05 11:27
329685343,rent,4,False,1000000,3846.15,260.0,180.0,25.0,4,14,,,Хамовники,,,False,Пять Звезд,"Москва, 2-ая Фрунзенская ул., 12",Фрунзенская,6,пешком,55.724069,37.580436,1000000.0,True,0,longTerm,2026-09-05,https://www.cian.ru/rent/flat/329685343/,3plus,2026-09-05 11:27
332217607,rent,4,False,200000,2739.73,73.0,53.0,10.0,2,6,1926.0,brick,Хамовники,,,False,,"Россия, Москва, Кооперативная улица, 3к6",Спортивная,7,пешком,55.725164,37.569917,200000.0,True,50,longTerm,2026-08-31,https://www.cian.ru/rent/flat/332217607/,3plus,2026-09-05 11:27
316176697,rent,4,False,380000,2375.0,160.0,97.0,22.0,4,6,,old,Хамовники,,,False,,"Москва, Знаменка, 15",Боровицкая,5,пешком,55.749983,37.604969,380000.0,True,0,longTerm,2026-09-04,https://www.cian.ru/rent/flat/316176697/,3plus,2026-09-05 11:27
332950104,rent,5,False,400000,1481.48,270.0,198.0,16.0,6,6,,old,Хамовники,,,False,,"Москва, Малый Могильцевский переулок, 4Б",Кропоткинская,10,пешком,55.74451,37.58977,400000.0,True,0,longTerm,2026-09-04,https://www.cian.ru/rent/flat/332950104/,3plus,2026-09-05 11:27
327586652,rent,5,False,520000,2900.17,179.3,,,2,10,1957.0,brick,Хамовники,,,False,,"Россия, Москва, Фрунзенская набережная, 50",Фрунзенская,16,пешком,55.718633,37.576879,520000.0,True,0,longTerm,2026-08-10,https://www.cian.ru/rent/flat/327586652/,3plus,2026-09-05 11:27
327852203,rent,4,False,1200000,6315.79,190.0,84.0,22.0,5,12,,,Хамовники,,,False,Дом на Трубецкой,"Москва, Трубецкая ул., 10",Фрунзенская,6,пешком,55.727328,37.575792,1200000.0,True,0,longTerm,2026-09-05,https://www.cian.ru/rent/flat/327852203/,3plus,2026-09-05 11:27
194729079,rent,3,False,300000,2500.0,120.0,,,2,7,1952.0,brick,Хамовники,,,False,,"Россия, Москва, Фрунзенская набережная, 12",Парк Культуры,5,пешком,55.732012,37.594054,300000.0,True,0,longTerm,2026-09-05,https://www.cian.ru/rent/flat/194729079/,3plus,2026-09-05 11:27
313690504,rent,4,False,149000,1448.01,102.9,65.0,8.1,5,9,1958.0,,Хамовники,,,False,,"Россия, Москва, Фрунзенская набережная, 28",Фрунзенская,10,пешком,55.724469,37.587048,,True,0,fewMonths,2026-08-31,https://www.cian.ru/rent/flat/313690504/,3plus,2026-09-05 11:27
331321687,rent,4,False,1300000,8387.1,155.0,,,6,15,2015.0,monolith,Хамовники,,,False,Barrin House,"Россия, Москва, Малая Пироговская улица, 8",Спортивная,11,пешком,55.72961,37.570474,1300000.0,True,0,longTerm,2026-09-04,https://www.cian.ru/rent/flat/331321687/,3plus,2026-09-05 11:27
332757426,rent,3,False,250000,2732.24,91.5,52.0,11.0,4,8,1959.0,brick,Хамовники,,,False,,"Россия, Москва, Смоленский бульвар, 1/2",Парк Культуры,8,пешком,55.738916,37.58464,250000.0,True,0,fewMonths,2026-09-04,https://www.cian.ru/rent/flat/332757426/,3plus,2026-09-05 11:27
292103703,rent,3,False,150000,2173.91,69.0,,,11,11,,brick,Хамовники,,,False,,"Россия, Москва, Большая Пироговская улица, 53-55",Спортивная,7,пешком,55.727029,37.561446,150000.0,True,50,longTerm,2026-09-03,https://www.cian.ru/rent/flat/292103703/,3plus,2026-09-05 11:27
194570385,rent,4,False,525000,2548.54,206.0,,24.0,4,6,2000.0,brick,Хамовники,,,False,,"Россия, Москва, улица Пречистенка, 40/2с2",Парк Культуры,9,пешком,55.739362,37.587578,550000.0,True,0,longTerm,2026-09-04,https://www.cian.ru/rent/flat/194570385/,3plus,2026-09-05 11:27
276010788,rent,3,False,260000,2888.89,90.0,55.0,12.0,9,9,1975.0,brick,Хамовники,,,False,,"Россия, Москва, Ружейный переулок, 4с1",Смоленская,10,пешком,55.743553,37.580894,280000.0,True,0,longTerm,2026-09-04,https://www.cian.ru/rent/flat/276010788/,3plus,2026-09-05 11:27
328668923,rent,3,False,200000,1666.67,120.0,70.0,45.0,1,9,1996.0,brick,Хамовники,,,False,,"Россия, Москва, Большой Власьевский переулок, 9",Смоленская,9,пешком,55.74601,37.590335,200000.0,True,0,longTerm,2026-08-30,https://www.cian.ru/rent/flat/328668923/,3plus,2026-09-05 11:27
330712136,rent,4,False,600000,3529.41,170.0,98.0,25.0,10,10,,monolith,Хамовники,,,False,Спорт Хаус,"Москва, 3-я Фрунзенская улица, 5к1",Фрунзенская,14,пешком,55.719688,37.578352,600000.0,True,0,longTerm,2026-09-04,https://www.cian.ru/rent/flat/330712136/,3plus,2026-09-05 11:27
333295251,rent,3,False,150000,2142.86,70.0,,8.0,8,9,1960.0,brick,Хамовники,,,False,,"Россия, Москва, Комсомольский проспект, 44",Спортивная,9,пешком,55.720687,37.572378,150000.0,True,0,longTerm,2026-09-02,https://www.cian.ru/rent/flat/333295251/,3plus,2026-09-05 11:27
315462913,rent,4,False,180000,2500.0,72.0,52.0,9.6,2,4,1913.0,brick,Хамовники,,,False,,"Россия, Москва, Кремлёвская набережная, 1/9с9",Библиотека им. Ленина,7,пешком,55.747819,37.61026,180000.0,True,0,longTerm,2026-08-19,https://www.cian.ru/rent/flat/315462913/,3plus,2026-09-05 11:27
332922690,rent,3,False,300000,2097.9,143.0,20.0,12.0,4,13,,brick,Хамовники,,,False,,"Москва, Хамовники район, Оболенский пер., д.9к8",Фрунзенская,5,пешком,55.730877,37.580625,300000.0,True,0,longTerm,2026-09-01,https://www.cian.ru/rent/flat/332922690/,3plus,2026-09-05 11:27
333013822,rent,3,False,140000,2545.45,55.0,38.0,7.0,12,16,,panel,Хамовники,,,False,,"Москва, Хамовники район, Власьевский М. пер., д.6",Смоленская,12,пешком,55.746056,37.593542,140000.0,True,0,longTerm,2026-09-03,https://www.cian.ru/rent/flat/333013822/,3plus,2026-09-05 11:27
333358638,rent,4,False,250000,2941.18,85.0,40.0,24.0,6,6,1914.0,brick,Хамовники,,,False,,"Россия, Москва, Смоленский бульвар, 15",Смоленская,10,пешком,55.741799,37.582538,250000.0,True,50,longTerm,2026-08-27,https://www.cian.ru/rent/flat/333358638/,3plus,2026-09-05 11:27
331855620,rent,6,False,3041052,5705.54,533.0,300.0,32.0,1,5,,,Хамовники,,,False,Молочный 1,"Москва, Молочный пер., 1",Кропоткинская,11,пешком,55.73888,37.602005,35000.0,True,0,longTerm,2026-09-05,https://www.cian.ru/rent/flat/331855620/,3plus,2026-09-05 11:27
333623858,rent,3,False,1000000,6313.13,158.4,,,8,12,,,Хамовники,,,False,Садовые кварталы,"Россия, Москва, улица Ефремова, 10к2",Спортивная,7,пешком,55.725113,37.572863,1000000.0,True,0,longTerm,2026-09-05,https://www.cian.ru/rent/flat/333623858/,3plus,2026-09-05 11:27
306468019,rent,3,False,190000,3310.1,57.4,,9.0,6,8,1933.0,brick,Хамовники,,,False,,"Россия, Москва, Зубовский бульвар, 16-20с1",Парк Культуры,7,пешком,55.738596,37.588593,190000.0,True,0,longTerm,2026-08-14,https://www.cian.ru/rent/flat/306468019/,3plus,2026-09-05 11:27
327765936,rent,4,False,350000,2187.5,160.0,102.0,14.0,4,6,,,Хамовники,,,False,,"Москва, Знаменка ул., 15",Арбатская,4,пешком,55.749983,37.604969,350000.0,True,0,longTerm,2026-09-05,https://www.cian.ru/rent/flat/327765936/,3plus,2026-09-05 11:27
314605531,rent,4,False,695000,4088.24,170.0,95.0,20.0,2,6,,,Хамовники,,,False,Дом в Зубовском проезде,"Москва, Зубовский пр-д, 1",Парк Культуры,6,пешком,55.736351,37.588503,695000.0,True,0,longTerm,2026-09-05,https://www.cian.ru/rent/flat/314605531/,3plus,2026-09-05 11:27
333538669,rent,3,False,400000,3475.24,115.1,50.0,35.0,5,8,2008.0,block,Хамовники,,,False,Лужники Хаус,"Москва, Москва, улица Хамовнический Вал, 36",Спортивная,4,пешком,55.722588,37.558391,400000.0,True,0,longTerm,2026-09-04,https://www.cian.ru/rent/flat/333538669/,3plus,2026-09-05 11:27
305291773,rent,4,False,750000,4687.5,160.0,81.0,25.0,3,5,,,Хамовники,,,False,,"Москва, Остоженка ул., 7, стр. 1",Кропоткинская,3,пешком,55.742767,37.600792,750000.0,True,0,longTerm,2026-09-05,https://www.cian.ru/rent/flat/305291773/,3plus,2026-09-05 11:27
332004859,rent,4,False,600000,3488.37,172.0,114.0,19.0,3,7,,,Хамовники,,,False,Колымажный 10,"Москва, Колымажный переулок, 10",Кропоткинская,5,пешком,55.748199,37.604403,600000.0,True,0,longTerm,2026-09-05,https://www.cian.ru/rent/flat/332004859/,3plus,2026-09-05 11:27
331967680,rent,4,False,1350000,7627.12,177.0,100.0,35.0,7,7,,,Хамовники,,,False,,"Еропкинский переулок, 16",Парк Культуры,7,пешком,55.740451,37.592716,1000000.0,True,0,longTerm,2026-09-04,https://www.cian.ru/rent/flat/331967680/,3plus,2026-09-05 11:27
331783968,rent,4,False,450000,3409.09,132.0,79.0,12.0,7,8,,,Хамовники,,,False,,"Москва, Остоженка ул., 5",Кропоткинская,3,пешком,55.74333,37.601439,450000.0,True,0,longTerm,2026-09-05,https://www.cian.ru/rent/flat/331783968/,3plus,2026-09-05 11:27
329338530,rent,3,False,380000,2533.33,150.0,88.0,10.0,5,7,,,Хамовники,,,False,,"Москва, 1-ый Зачатьевский пер., 6",Кропоткинская,10,пешком,55.739985,37.603109,380000.0,True,0,longTerm,2026-09-05,https://www.cian.ru/rent/flat/329338530/,3plus,2026-09-05 11:27
333547848,rent,3,False,299999,3191.48,94.0,55.0,18.0,5,7,1939.0,brick,Хамовники,,,False,,"Россия, Москва, Фрунзенская набережная, 54",Фрунзенская,20,пешком,55.71628,37.578109,299999.0,True,60,longTerm,2026-09-03,https://www.cian.ru/rent/flat/333547848/,3plus,2026-09-05 11:27
330787433,rent,5,False,1450000,5918.37,245.0,170.0,18.0,3,5,,,Хамовники,,,False,,"Москва, Пречистенка ул., 27",Парк Культуры,7,пешком,55.740421,37.591386,1450000.0,True,0,longTerm,2026-09-05,https://www.cian.ru/rent/flat/330787433/,3plus,2026-09-05 11:27
332940216,rent,3,False,890000,9368.42,95.0,,10.0,2,10,,monolith,Хамовники,,,False,Садовые кварталы,"Москва, Усачева улица, 15а",Фрунзенская,11,пешком,55.7256,37.570276,890000.0,True,0,longTerm,2026-09-03,https://www.cian.ru/rent/flat/332940216/,3plus,2026-09-05 11:27
332902121,rent,3,False,255000,3187.5,80.0,,,2,8,2008.0,,Хамовники,,,False,Лужники Хаус,"Россия, Москва, улица Хамовнический Вал, 36",Спортивная,2,пешком,55.722588,37.558391,25500.0,True,0,longTerm,2026-09-03,https://www.cian.ru/rent/flat/332902121/,3plus,2026-09-05 11:27
332788937,rent,3,False,260000,3058.82,85.0,55.0,12.0,9,9,,brick,Хамовники,,,False,,"Москва, Хамовники район, Ружейный пер., д.4, строение 1",Смоленская,10,пешком,55.743553,37.580894,260000.0,True,0,longTerm,2026-09-01,https://www.cian.ru/rent/flat/332788937/,3plus,2026-09-05 11:27
328431233,rent,4,False,700000,3553.3,197.0,90.0,10.0,14,16,,,Хамовники,,,False,Смоленская Застава,"Москва, Ружейный пер., 3",Смоленская,10,пешком,55.742955,37.580517,700000.0,True,0,longTerm,2026-09-05,https://www.cian.ru/rent/flat/328431233/,3plus,2026-09-05 11:27
278520702,rent,4,False,200000,2000.0,100.0,,,4,11,1955.0,brick,Хамовники,,,False,,"Россия, Москва, Большая Пироговская улица, 53-55",Спортивная,7,пешком,55.727029,37.561446,200000.0,True,0,longTerm,2026-09-04,https://www.cian.ru/rent/flat/278520702/,3plus,2026-09-05 11:27
331179693,rent,3,False,800000,5925.93,135.0,98.0,17.0,2,6,,,Хамовники,,,False,,"Москва, Пречистенка ул., 33/19, стр. 1",Парк Культуры,8,пешком,55.73963,37.589868,800000.0,True,0,longTerm,2026-09-05,https://www.cian.ru/rent/flat/331179693/,3plus,2026-09-05 11:27
333338138,rent,3,False,300000,2500.0,120.0,68.0,15.0,15,16,,monolith,Хамовники,,,False,Смоленская Застава,"г Москва, Ружейный пер, д 3",Смоленская,10,пешком,55.742955,37.580517,300000.0,True,0,longTerm,2026-09-04,https://www.cian.ru/rent/flat/333338138/,3plus,2026-09-05 11:27
332196570,rent,5,False,750000,4310.34,174.0,124.0,11.0,9,11,,,Хамовники,,,False,,"Москва, Фрунзенская наб., 38/1",Фрунзенская,13,пешком,55.721006,37.584326,750000.0,True,0,longTerm,2026-09-05,https://www.cian.ru/rent/flat/332196570/,3plus,2026-09-05 11:27
333599601,rent,3,False,1500000,13636.36,110.0,80.0,15.0,7,12,2022.0,,Хамовники,,,False,Садовые кварталы,"Россия, Москва, Усачёва улица, 15А",Спортивная,6,пешком,55.7256,37.570276,1500000.0,True,0,longTerm,2026-09-04,https://www.cian.ru/rent/flat/333599601/,3plus,2026-09-05 11:27
325848387,rent,4,False,350000,2500.0,140.0,,,6,6,1915.0,brick,Хамовники,,,False,,"Россия, Москва, Пожарский переулок, 8",Кропоткинская,6,пешком,55.74148,37.602202,350000.0,True,0,longTerm,2026-08-15,https://www.cian.ru/rent/flat/325848387/,3plus,2026-09-05 11:27
289096652,rent,3,False,150000,2051.98,73.1,46.0,11.0,4,11,1966.0,brick,Хамовники,,,False,,"Россия, Москва, Несвижский переулок, 4",Фрунзенская,9,пешком,55.731516,37.58632,150000.0,True,60,longTerm,2026-08-28,https://www.cian.ru/rent/flat/289096652/,3plus,2026-09-05 11:27
332995840,rent,5,False,600000,3243.24,185.0,124.0,16.0,2,5,,old,Хамовники,,,False,,"Москва, Гагаринский переулок, 23к1",Кропоткинская,7,пешком,55.744647,37.593219,600000.0,True,0,longTerm,2026-09-04,https://www.cian.ru/rent/flat/332995840/,3plus,2026-09-05 11:27
314112543,rent,6,False,1500000,3579.95,419.0,313.0,28.0,4,5,,old,Хамовники,,,False,,"Москва, Остоженка, 7С1",Кропоткинская,3,пешком,55.742767,37.600792,1500000.0,True,0,longTerm,2026-09-01,https://www.cian.ru/rent/flat/314112543/,3plus,2026-09-05 11:27
330259773,rent,6,False,850000,2125.0,400.0,,,4,7,1914.0,brick,Хамовники,,,False,,"Россия, Москва, 1-й Обыденский переулок, 9/12",Кропоткинская,3,пешком,55.743005,37.602256,850000.0,True,0,longTerm,2026-09-01,https://www.cian.ru/rent/flat/330259773/,3plus,2026-09-05 11:27
332268210,rent,3,False,450000,3125.0,144.0,,5.0,3,14,2006.0,monolithBrick,Хамовники,,,False,,"Россия, Москва город, проспект Комсомольский, дом 32, корпус 2",Спортивная,12,пешком,55.725975,37.578046,500000.0,True,0,longTerm,2026-08-22,https://www.cian.ru/rent/flat/332268210/,3plus,2026-09-05 11:27
330585220,rent,6,False,1500000,3333.33,450.0,214.0,20.0,5,5,,,Хамовники,,,False,,"Москва, Остоженка ул., 7, стр. 1",Кропоткинская,3,пешком,55.742767,37.600792,1500000.0,True,0,longTerm,2026-09-05,https://www.cian.ru/rent/flat/330585220/,3plus,2026-09-05 11:27
333531363,rent,3,False,130000,2363.64,55.0,33.0,9.0,12,16,,,Хамовники,,,False,,"Москва, М. Власьевский пер., 6",Кропоткинская,8,пешком,55.746056,37.593542,130000.0,True,0,longTerm,2026-09-05,https://www.cian.ru/rent/flat/333531363/,3plus,2026-09-05 11:27
322143408,rent,3,False,290000,4833.33,60.0,39.0,12.0,3,5,1959.0,brick,Хамовники,,,False,,"Россия, Москва, улица Ефремова, 9",Фрунзенская,7,пешком,55.725032,37.57563,,True,0,longTerm,2026-09-03,https://www.cian.ru/rent/flat/322143408/,3plus,2026-09-05 11:27
333479296,rent,6,False,3000000,4285.71,700.0,500.0,20.0,5,6,,brick,Хамовники,,,False,,"г Москва, ул Пречистенка, д 27",Парк Культуры,7,пешком,55.740421,37.591386,3000000.0,True,0,longTerm,2026-09-04,https://www.cian.ru/rent/flat/333479296/,3plus,2026-09-05 11:27
329015307,rent,5,False,1000000,5263.16,190.0,156.0,12.0,2,6,2008.0,monolith,Хамовники,,,False,Особняк в Хилковом переулке,"Россия, Москва, Хилков переулок, 5",Парк Культуры,5,пешком,55.738368,37.597001,1000000.0,True,0,longTerm,2026-08-13,https://www.cian.ru/rent/flat/329015307/,3plus,2026-09-05 11:27
327123830,rent,4,False,320000,2318.84,138.0,89.0,12.0,5,6,,,Хамовники,,,False,,"Москва, Пожарский пер., 8",Кропоткинская,6,пешком,55.74148,37.602202,320000.0,True,0,longTerm,2026-09-05,https://www.cian.ru/rent/flat/327123830/,3plus,2026-09-05 11:27
330254210,rent,5,False,3044870,5729.9,531.4,450.0,20.0,2,6,2002.0,monolith,Хамовники,,,False,Молочный 1,"Россия, Москва, Молочный переулок, 1",Парк Культуры,9,пешком,55.73888,37.602005,,True,0,longTerm,2026-08-26,https://www.cian.ru/rent/flat/330254210/,3plus,2026-09-05 11:27
320521786,rent,5,False,1000000,5000.0,200.0,131.0,20.0,3,7,,,Хамовники,,,False,Еропкинский 16,"Москва, Еропкинский пер., 16/23",Кропоткинская,10,пешком,55.740451,37.592716,1000000.0,True,0,longTerm,2026-09-05,https://www.cian.ru/rent/flat/320521786/,3plus,2026-09-05 11:27
332585961,rent,4,False,600000,3157.89,190.0,,,6,6,1912.0,,Хамовники,,,False,,"Москва, Мансуровский переулок, 5",Парк Культуры,5,пешком,55.73963,37.594755,600000.0,True,0,longTerm,2026-09-04,https://www.cian.ru/rent/flat/332585961/,3plus,2026-09-05 11:27
328360918,rent,4,False,1200000,6315.79,190.0,84.0,22.0,5,14,2013.0,monolith,Хамовники,,,False,Дом на Трубецкой,"Россия, Москва, Трубецкая улица, 10",Фрунзенская,6,пешком,55.727328,37.575792,1200000.0,True,0,longTerm,2026-08-12,https://www.cian.ru/rent/flat/328360918/,3plus,2026-09-05 11:27
331295181,rent,4,False,600000,3389.83,177.0,,8.0,10,10,2007.0,brick,Хамовники,,,False,Спорт Хаус,"Россия, Москва, 3-я Фрунзенская улица, 5к1",Фрунзенская,14,пешком,55.719688,37.578352,600000.0,True,0,longTerm,2026-08-21,https://www.cian.ru/rent/flat/331295181/,3plus,2026-09-05 11:27
327571775,rent,5,False,1000000,5000.0,200.0,,,3,7,2010.0,monolithBrick,Хамовники,,,False,Еропкинский 16,"Москва, Еропкинский переулок, 16",Парк Культуры,7,пешком,55.740451,37.592716,1000000.0,True,0,longTerm,2026-09-04,https://www.cian.ru/rent/flat/327571775/,3plus,2026-09-05 11:27
332772085,rent,5,False,400000,1481.48,270.0,100.0,,6,6,1913.0,brick,Хамовники,,,False,,"Москва, Могильцевский М. пер, 4Б",Смоленская,10,пешком,55.74451,37.58977,400000.0,True,0,longTerm,2026-09-05,https://www.cian.ru/rent/flat/332772085/,3plus,2026-09-05 11:27
320638892,rent,3,False,120000,2181.82,55.0,35.0,6.0,7,8,1960.0,brick,Хамовники,,,False,,"Россия, Москва, 1-я Фрунзенская улица, 5",Фрунзенская,6,пешком,55.72636,37.585134,120000.0,True,60,longTerm,2026-09-02,https://www.cian.ru/rent/flat/320638892/,3plus,2026-09-05 11:27
333497750,rent,4,False,450000,2500.0,180.0,,20.0,10,14,2014.0,monolith,Хамовники,,,False,GRAND DELUXE на Плющихе,"Россия, Москва, Погодинская улица, 4",Фрунзенская,16,пешком,55.734973,37.571013,450000.0,True,50,longTerm,2026-09-04,https://www.cian.ru/rent/flat/333497750/,3plus,2026-09-05 11:27
333502514,rent,3,False,470000,4159.29,113.0,81.9,,2,11,1985.0,brick,Хамовники,,,False,,"Россия, Москва, Денежный переулок, 22",Смоленская,7,пешком,55.745387,37.587317,470000.0,True,0,longTerm,2026-09-02,https://www.cian.ru/rent/flat/333502514/,3plus,2026-09-05 11:27
332831831,rent,3,False,320000,2595.3,123.3,,15.0,4,6,1913.0,brick,Хамовники,,,False,,"Россия, Москва, Малый Могильцевский переулок, 4Б",Кропоткинская,10,пешком,55.74451,37.58977,350000.0,True,50,longTerm,2026-08-24,https://www.cian.ru/rent/flat/332831831/,3plus,2026-09-05 11:27
330819337,rent,3,False,600000,5454.55,110.0,72.0,7.0,3,8,2004.0,monolith,Хамовники,,,False,Новая Остоженка,"Москва, 1-й Зачатьевский пер., д. 5",Кропоткинская,10,пешком,55.739022,37.603819,600000.0,True,0,longTerm,2026-09-03,https://www.cian.ru/rent/flat/330819337/,3plus,2026-09-05 11:27
304242989,rent,3,False,220000,2933.33,75.0,,6.5,7,8,1938.0,brick,Хамовники,,,False,,"Россия, Москва, Большая Пироговская улица, 37-43кА",Спортивная,11,пешком,55.728738,37.564581,220000.0,True,50,longTerm,2026-09-04,https://www.cian.ru/rent/flat/304242989/,3plus,2026-09-05 11:27
330732626,rent,4,False,800000,4848.48,165.0,112.0,,2,5,2005.0,monolith,Хамовники,,,False,,"Россия, Москва, Бутиковский переулок, 16с3",Парк Культуры,8,пешком,55.738318,37.600792,850000.0,True,0,longTerm,2026-09-01,https://www.cian.ru/rent/flat/330732626/,3plus,2026-09-05 11:27
282693775,rent,5,False,250000,1388.89,180.0,143.0,,6,9,1958.0,,Хамовники,,,False,,"Россия, Москва, Фрунзенская набережная, 28",Фрунзенская,10,пешком,55.724469,37.587048,250000.0,True,0,longTerm,2026-09-02,https://www.cian.ru/rent/flat/282693775/,3plus,2026-09-05 11:27
331946247,rent,3,False,990000,6966.92,142.1,,10.0,3,13,,monolith,Хамовники,,,False,Жизнь на Плющихе,"Москва, Погодинская ул., д. 2",Киевская,14,пешком,55.735713,37.572351,990000.0,True,0,longTerm,2026-09-04,https://www.cian.ru/rent/flat/331946247/,3plus,2026-09-05 11:27
330012365,rent,6,False,3044870,5729.9,531.4,,453.0,2,6,2002.0,monolith,Хамовники,,,False,Молочный 1,"Россия, Москва, Молочный переулок, 1",Кропоткинская,11,пешком,55.73888,37.602005,,True,0,longTerm,2026-08-12,https://www.cian.ru/rent/flat/330012365/,3plus,2026-09-05 11:27
330574875,rent,3,False,370000,4868.42,76.0,,14.0,3,11,,,Хамовники,,,False,Садовые кварталы,"Россия, Москва, улица Ефремова, 10к2",Фрунзенская,10,пешком,55.725113,37.572863,370000.0,True,0,longTerm,2026-08-06,https://www.cian.ru/rent/flat/330574875/,3plus,2026-09-05 11:27
327568639,rent,3,False,130000,2166.67,60.0,,,7,7,1928.0,brick,Хамовники,,,False,,"Россия, Москва, переулок Сивцев Вражек, 21",Смоленская,9,пешком,55.747267,37.593381,130000.0,True,0,longTerm,2026-09-04,https://www.cian.ru/rent/flat/327568639/,3plus,2026-09-05 11:27
330682706,rent,4,False,780000,6240.0,125.0,,,3,15,,monolithBrick,Хамовники,,,False,Садовые кварталы,"Москва, Усачева улица, 15, квартал 5(5.2c2)",Фрунзенская,14,пешком,55.726836,37.570357,800000.0,True,0,longTerm,2026-09-03,https://www.cian.ru/rent/flat/330682706/,3plus,2026-09-05 11:27
333309918,rent,3,False,165000,1683.67,98.0,60.0,15.0,4,5,1910.0,brick,Хамовники,,,False,,"Россия, Москва, Комсомольский проспект, 3",Парк Культуры,4,пешком,55.733006,37.593255,165000.0,True,0,longTerm,2026-09-04,https://www.cian.ru/rent/flat/333309918/,3plus,2026-09-05 11:27
325261465,rent,3,False,900000,4090.91,220.0,,15.0,2,5,,,Хамовники,,,False,Молочный 1,"Россия, Москва, Молочный переулок, 1",Парк Культуры,9,пешком,55.73888,37.602005,1800000.0,True,0,longTerm,2026-08-27,https://www.cian.ru/rent/flat/325261465/,3plus,2026-09-05 11:27
333214469,rent,3,False,130000,1413.04,92.0,,25.0,2,6,1930.0,brick,Хамовники,,,False,,"Россия, Москва, Курсовой переулок, 15",Кропоткинская,8,пешком,55.740532,37.605616,50000.0,True,50,longTerm,2026-09-04,https://www.cian.ru/rent/flat/333214469/,3plus,2026-09-05 11:27
328214592,rent,4,False,350000,2536.23,138.0,90.0,12.0,5,6,,brick,Хамовники,,,False,,"г Москва, Пожарский пер, д 8",Кропоткинская,6,пешком,55.74148,37.602202,350000.0,True,0,longTerm,2026-09-02,https://www.cian.ru/rent/flat/328214592/,3plus,2026-09-05 11:27
333144584,rent,3,False,450000,5000.0,90.0,,20.0,7,14,2014.0,monolith,Хамовники,,,False,Садовые кварталы,"Россия, Москва, улица Ефремова, 10к1",Фрунзенская,8,пешком,55.725154,37.574507,450000.0,True,0,longTerm,2026-08-29,https://www.cian.ru/rent/flat/333144584/,3plus,2026-09-05 11:27
333100210,rent,3,False,210000,2187.5,96.0,,15.0,5,8,1940.0,,Хамовники,,,False,,"Россия, Москва, Фрунзенская набережная, 32",Фрунзенская,12,пешком,55.723521,37.58694,210000.0,True,0,longTerm,2026-08-21,https://www.cian.ru/rent/flat/333100210/,3plus,2026-09-05 11:27
333121997,rent,3,False,1100000,10000.0,110.0,68.0,11.0,4,9,,,Хамовники,,,False,SAVVIN RIVER RESIDENCE,"Москва, Саввинская наб., 13",Киевская,12,пешком,55.73554,37.567267,1100000.0,True,0,longTerm,2026-09-05,https://www.cian.ru/rent/flat/333121997/,3plus,2026-09-05 11:27
333605638,rent,6,False,3500000,11475.41,305.0,200.0,30.0,2,6,,monolith,Хамовники,,,False,Садовые кварталы,"Россия, Москва город, улица Усачева, дом 11",Спортивная,9,пешком,55.72777,37.571354,3500000.0,True,0,longTerm,2026-09-04,https://www.cian.ru/rent/flat/333605638/,3plus,2026-09-05 11:27
333481177,rent,3,False,650000,5200.0,125.0,,,6,14,2014.0,monolith,Хамовники,,,False,Садовые кварталы,"Россия, Москва, улица Ефремова, 10к1",Фрунзенская,8,пешком,55.725154,37.574507,650000.0,True,0,longTerm,2026-09-03,https://www.cian.ru/rent/flat/333481177/,3plus,2026-09-05 11:27
332874318,rent,3,False,850000,7083.33,120.0,35.0,,5,9,2021.0,monolith,Хамовники,,,False,SAVVIN RIVER RESIDENCE,"Россия, Москва, Саввинская набережная, 13",Киевская,12,пешком,55.73554,37.567267,850000.0,True,0,longTerm,2026-09-02,https://www.cian.ru/rent/flat/332874318/,3plus,2026-09-05 11:27
332925871,rent,3,False,140000,2258.06,62.0,40.0,8.0,8,12,1976.0,brick,Хамовники,,,False,,"Россия, Москва, улица Тимура Фрунзе, 34",Парк Культуры,8,пешком,55.737208,37.585637,140000.0,True,50,longTerm,2026-09-04,https://www.cian.ru/rent/flat/332925871/,3plus,2026-09-05 11:27
333607070,rent,5,False,1000000,5263.16,190.0,117.0,12.0,2,6,2008.0,monolith,Хамовники,,,False,Особняк в Хилковом переулке,"Москва, Хамовники район, Хилков пер., д.5",Парк Культуры,5,пешком,55.738368,37.597001,1000000.0,True,0,longTerm,2026-09-04,https://www.cian.ru/rent/flat/333607070/,3plus,2026-09-05 11:27
333309235,rent,3,False,280000,2434.78,115.0,80.0,18.0,8,18,2006.0,monolithBrick,Хамовники,,,False,,"Россия, Москва, Комсомольский проспект, 32к2",Фрунзенская,5,пешком,55.725975,37.578046,280000.0,True,0,longTerm,2026-09-02,https://www.cian.ru/rent/flat/333309235/,3plus,2026-09-05 11:27
332019254,rent,3,False,320000,2666.67,120.0,,,15,16,2008.0,monolith,Хамовники,,,False,Смоленская Застава,"Россия, Москва, Ружейный переулок, 3",Смоленская,10,пешком,55.742955,37.580517,320000.0,True,0,longTerm,2026-08-26,https://www.cian.ru/rent/flat/332019254/,3plus,2026-09-05 11:27
332765177,rent,4,False,260000,1444.44,180.0,160.0,12.0,3,9,2021.0,monolith,Хамовники,,,False,,"Россия, Москва, Фрунзенская набережная, 32",Фрунзенская,12,пешком,55.723521,37.58694,260000.0,True,50,longTerm,2026-09-03,https://www.cian.ru/rent/flat/332765177/,3plus,2026-09-05 11:27
297841308,rent,3,False,350000,4132.23,84.7,46.0,8.0,9,9,1959.0,brick,Хамовники,,,False,,"Россия, Москва, Фрунзенская набережная, 36/2",Фрунзенская,10,пешком,55.722157,37.584721,350000.0,True,0,longTerm,2026-09-02,https://www.cian.ru/rent/flat/297841308/,3plus,2026-09-05 11:27
307461151,rent,3,False,850000,6439.39,132.0,43.0,45.0,4,7,,,Хамовники,,,False,Roza Rossa,"Россия, Москва, Зубовская улица, 7",Парк Культуры,10,пешком,55.736934,37.583365,850000.0,True,0,longTerm,2026-08-18,https://www.cian.ru/rent/flat/307461151/,3plus,2026-09-05 11:27
329537121,rent,6,False,3500000,11475.41,305.0,,,2,6,2019.0,brick,Хамовники,,,False,Садовые кварталы,"Москва, Усачева ул, 11",Спортивная,9,пешком,55.72746,37.570698,3500000.0,True,0,longTerm,2026-09-05,https://www.cian.ru/rent/flat/329537121/,3plus,2026-09-05 11:27
333008098,rent,3,False,2700000,15882.35,170.0,,10.0,6,11,,monolith,Хамовники,,,False,Brodsky,"Москва, 1-й переулок Тружеников, 16",Киевская,11,пешком,55.737466,37.571103,2700000.0,True,0,longTerm,2026-09-03,https://www.cian.ru/rent/flat/333008098/,3plus,2026-09-05 11:27
331408454,rent,3,False,300000,2857.14,105.0,80.0,20.0,7,7,2014.0,monolithBrick,Хамовники,,,False,Clerkenwell House,"Москва, Комсомольский пр-кт, 42стр2",Фрунзенская,11,пешком,55.721731,37.572899,300000.0,True,0,longTerm,2026-09-05,https://www.cian.ru/rent/flat/331408454/,3plus,2026-09-05 11:27
333439103,rent,3,False,490000,3266.67,150.0,120.0,,6,7,,brick,Хамовники,,,False,Clerkenwell House,"Россия, Москва, Комсомольский проспект, 42с2",Спортивная,8,пешком,55.721731,37.572899,490000.0,True,0,longTerm,2026-09-03,https://www.cian.ru/rent/flat/333439103/,3plus,2026-09-05 11:27
333231578,rent,3,False,210000,2579.85,81.4,,,3,16,1957.0,brick,Хамовники,,,False,,"Россия, Москва, Фрунзенская набережная, 50",Спортивная,14,пешком,55.718633,37.576879,210000.0,True,0,longTerm,2026-08-24,https://www.cian.ru/rent/flat/333231578/,3plus,2026-09-05 11:27
328316756,rent,5,False,1000000,5263.16,190.0,118.0,9.0,2,6,2008.0,monolithBrick,Хамовники,,,False,Особняк в Хилковом переулке,"Москва, Хилков пер, 5",Кропоткинская,11,пешком,55.738368,37.597001,1000000.0,True,0,longTerm,2026-09-05,https://www.cian.ru/rent/flat/328316756/,3plus,2026-09-05 11:27
332492344,rent,3,False,1300000,9219.86,141.0,80.0,26.0,5,15,2022.0,,Хамовники,,,False,Садовые кварталы,"Россия, Москва, Усачёва улица, 15А",Спортивная,6,пешком,55.7256,37.570276,,True,0,longTerm,2026-09-04,https://www.cian.ru/rent/flat/332492344/,3plus,2026-09-05 11:27
329523229,rent,4,False,350000,2364.86,148.0,90.0,25.0,5,5,,,Хамовники,,,False,,"Россия, Москва, Москва, Пожарский переулок, 8",Кропоткинская,6,пешком,55.74148,37.602202,350000.0,True,0,longTerm,2026-09-04,https://www.cian.ru/rent/flat/329523229/,3plus,2026-09-05 11:27
331421876,rent,3,False,390000,3634.67,107.3,,20.0,3,8,2004.0,monolithBrick,Хамовники,,,False,,"Россия, Москва, 1-й переулок Тружеников, 15",Киевская,13,пешком,55.737593,37.573779,390000.0,True,0,longTerm,2026-08-29,https://www.cian.ru/rent/flat/331421876/,3plus,2026-09-05 11:27
331733129,rent,4,False,380000,2533.33,150.0,85.0,15.0,5,7,,monolithBrick,Хамовники,,,False,,"Россия, Москва, Москва, Зачатьевский 1-й переулок, 6",Кропоткинская,10,пешком,55.739985,37.603109,380000.0,True,0,longTerm,2026-09-02,https://www.cian.ru/rent/flat/331733129/,3plus,2026-09-05 11:27
330448687,rent,4,False,1200000,6722.69,178.5,,,6,9,2015.0,monolith,Хамовники,,,False,Barrin House,"Россия, Москва, Малая Пироговская улица, 8",Спортивная,11,пешком,55.72961,37.570474,1200000.0,True,0,longTerm,2026-08-15,https://www.cian.ru/rent/flat/330448687/,3plus,2026-09-05 11:27
333232850,rent,3,False,850000,8500.0,100.0,,20.0,2,14,2022.0,,Хамовники,,,False,Садовые кварталы,"Россия, Москва, Усачёва улица, 15А",Спортивная,6,пешком,55.7256,37.570276,850000.0,True,0,longTerm,2026-08-29,https://www.cian.ru/rent/flat/333232850/,3plus,2026-09-05 11:27
333590259,rent,3,False,175000,2058.82,85.0,50.0,10.0,8,9,1958.0,,Хамовники,,,False,,"Россия, Москва, Фрунзенская набережная, 28",Фрунзенская,10,пешком,55.724469,37.587048,175000.0,True,40,longTerm,2026-09-04,https://www.cian.ru/rent/flat/333590259/,3plus,2026-09-05 11:27
316677041,rent,4,False,700000,3111.11,225.0,,,4,8,,,Хамовники,,,False,Новая Остоженка,"Россия, Москва, 1-й Зачатьевский переулок, 5",Кропоткинская,10,пешком,55.739022,37.603819,700000.0,True,0,longTerm,2026-09-02,https://www.cian.ru/rent/flat/316677041/,3plus,2026-09-05 11:27
332307016,rent,4,False,155000,2183.1,71.0,51.0,8.0,1,8,1960.0,brick,Хамовники,,,False,,"Россия, Москва, 2-я Фрунзенская улица, 10",Фрунзенская,7,пешком,55.723846,37.582233,155000.0,True,0,longTerm,2026-08-23,https://www.cian.ru/rent/flat/332307016/,3plus,2026-09-05 11:27
332301536,rent,4,False,470000,2430.2,193.4,132.0,20.0,4,5,1997.0,,Хамовники,,,False,,"Россия, Москва, Гагаринский переулок, 7к1",Кропоткинская,3,пешком,55.744612,37.598034,100000.0,True,0,longTerm,2026-08-26,https://www.cian.ru/rent/flat/332301536/,3plus,2026-09-05 11:27
331687355,rent,3,False,340000,2000.0,170.0,,,3,12,1999.0,brick,Хамовники,,,False,,"Москва, Несвижский пер, 12к1",Фрунзенская,5,пешком,55.729853,37.581972,340000.0,True,0,longTerm,2026-09-05,https://www.cian.ru/rent/flat/331687355/,3plus,2026-09-05 11:27
331948662,rent,5,False,1450000,5800.0,250.0,170.0,20.0,3,4,1910.0,brick,Хамовники,,,False,,"Россия, Москва город, улица Пречистенка, дом 27",Парк Культуры,7,пешком,55.740421,37.591386,1450000.0,True,0,longTerm,2026-08-20,https://www.cian.ru/rent/flat/331948662/,3plus,2026-09-05 11:27
302257039,rent,4,False,2500000,7812.5,320.0,280.0,30.0,2,4,2017.0,monolith,Хамовники,,,False,,"Россия, Москва, Коробейников переулок, 1/2с5",Парк Культуры,6,пешком,55.737867,37.599193,2500000.0,True,0,longTerm,2026-08-27,https://www.cian.ru/rent/flat/302257039/,3plus,2026-09-05 11:27
329490238,rent,3,False,230000,2555.56,90.0,54.0,13.0,5,7,1940.0,brick,Хамовники,,,False,,"Россия, Москва, Фрунзенская набережная, 34",Фрунзенская,11,пешком,55.722588,37.586239,230000.0,True,0,longTerm,2026-08-31,https://www.cian.ru/rent/flat/329490238/,3plus,2026-09-05 11:27
332917317,rent,3,False,500000,4761.9,105.0,43.0,17.0,11,12,,monolith,Хамовники,,,False,Barrin House,"Россия, Москва, Малая Пироговская улица, 8",Спортивная,11,пешком,55.72961,37.570474,500000.0,True,30,longTerm,2026-09-04,https://www.cian.ru/rent/flat/332917317/,3plus,2026-09-05 11:27
280549108,rent,3,False,320000,2909.09,110.0,65.0,7.0,1,16,1957.0,brick,Хамовники,,,False,,"Россия, Москва, Фрунзенская набережная, 50",Спортивная,14,пешком,55.718633,37.576879,320000.0,True,25,longTerm,2026-09-04,https://www.cian.ru/rent/flat/280549108/,3plus,2026-09-05 11:27
333159354,rent,3,False,550000,5500.0,100.0,65.0,30.0,3,4,2017.0,monolith,Хамовники,,,False,,"Россия, Москва, Коробейников переулок, 1/2с5",Парк Культуры,6,пешком,55.737867,37.599193,550000.0,True,0,longTerm,2026-08-21,https://www.cian.ru/rent/flat/333159354/,3plus,2026-09-05 11:27
327278822,rent,4,False,450000,2184.47,206.0,78.0,16.0,10,11,,brick,Хамовники,,,False,,"Россия, Москва, Саввинская набережная, 7с3",Киевская,13,пешком,55.736944,37.570483,450000.0,True,0,longTerm,2026-09-04,https://www.cian.ru/rent/flat/327278822/,3plus,2026-09-05 11:27
333433472,rent,6,False,3000000,4285.71,700.0,,14.0,6,6,,brick,Хамовники,,,False,,"Москва, Пречистенка улица, д. 27",Кропоткинская,10,пешком,55.740421,37.591386,3000000.0,True,0,longTerm,2026-09-04,https://www.cian.ru/rent/flat/333433472/,3plus,2026-09-05 11:27
332538980,rent,3,False,1000000,6097.56,164.0,,10.0,6,8,2009.0,brick,Хамовники,,,False,Парк Палас,"Россия, Москва, Хилков переулок, 1",Парк Культуры,6,пешком,55.736681,37.599319,1000000.0,True,0,longTerm,2026-09-02,https://www.cian.ru/rent/flat/332538980/,3plus,2026-09-05 11:27
332777904,rent,3,False,300000,4285.71,70.0,,8.0,3,5,1917.0,brick,Хамовники,,,False,,"Россия, Москва, Земледельческий переулок, 3",Киевская,12,пешком,55.739595,37.577615,300000.0,True,0,longTerm,2026-08-26,https://www.cian.ru/rent/flat/332777904/,3plus,2026-09-05 11:27
333392428,rent,3,False,130000,2452.83,53.0,,7.0,3,8,1960.0,brick,Хамовники,,,False,,"Россия, Москва, 2-я Фрунзенская улица, 10",Фрунзенская,7,пешком,55.723846,37.582233,130000.0,True,50,longTerm,2026-09-03,https://www.cian.ru/rent/flat/333392428/,3plus,2026-09-05 11:27
327699915,rent,4,False,380000,2375.0,160.0,96.0,21.0,4,6,1911.0,brick,Хамовники,,,False,,"Россия, Москва город, улица Знаменка, дом 15",Арбатская,4,пешком,55.749983,37.604969,380000.0,True,0,longTerm,2026-08-20,https://www.cian.ru/rent/flat/327699915/,3plus,2026-09-05 11:27
332516299,rent,3,False,890000,9368.42,95.0,,,2,13,2022.0,monolith,Хамовники,,,False,Садовые кварталы,"Москва, Усачёва ул, 15А",Лужники,10,пешком,55.7256,37.570276,890000.0,True,0,longTerm,2026-09-05,https://www.cian.ru/rent/flat/332516299/,3plus,2026-09-05 11:27
296519808,rent,3,False,220000,2471.91,89.0,54.0,12.0,3,8,1958.0,block,Хамовники,,,False,,"Россия, Москва, улица Хамовнический Вал, 14",Лужники,12,пешком,55.71802,37.573753,220000.0,True,0,longTerm,2026-09-03,https://www.cian.ru/rent/flat/296519808/,3plus,2026-09-05 11:27
331146204,rent,4,False,700000,3500.0,200.0,,,14,16,2008.0,monolith,Хамовники,,,False,Смоленская Застава,"Россия, Москва, Ружейный переулок, 3",Смоленская,10,пешком,55.742955,37.580517,700000.0,True,0,longTerm,2026-08-23,https://www.cian.ru/rent/flat/331146204/,3plus,2026-09-05 11:27
329318912,rent,3,False,800000,5925.93,135.0,,,2,6,1917.0,brick,Хамовники,,,False,,"Россия, Москва, улица Пречистенка, 33/19с1",Парк Культуры,8,пешком,55.73963,37.589868,800000.0,True,0,longTerm,2026-08-21,https://www.cian.ru/rent/flat/329318912/,3plus,2026-09-05 11:27
317720397,rent,4,False,300000,1923.08,156.0,80.0,26.0,2,4,1998.0,monolith,Хамовники,,,False,,"Россия, Москва, Молочный переулок, 11",Парк Культуры,8,пешком,55.738601,37.600415,300000.0,True,0,fewMonths,2026-08-20,https://www.cian.ru/rent/flat/317720397/,3plus,2026-09-05 11:27
332442124,rent,4,False,245000,2130.43,115.0,80.0,20.0,3,8,1930.0,brick,Хамовники,,,False,,"Россия, Москва, улица Пречистенка, 31/16",Парк Культуры,7,пешком,55.740015,37.590138,250000.0,True,0,longTerm,2026-09-03,https://www.cian.ru/rent/flat/332442124/,3plus,2026-09-05 11:27
331154881,rent,3,False,820000,4293.19,191.0,,10.0,11,15,2007.0,,Хамовники,,,False,,"Россия, Москва, Саввинская набережная, 9",Киевская,11,пешком,55.736914,37.569396,820000.0,True,0,longTerm,2026-08-16,https://www.cian.ru/rent/flat/331154881/,3plus,2026-09-05 11:27
331686276,rent,3,False,450000,3333.33,135.0,60.0,15.0,7,7,1914.0,brick,Хамовники,,,False,,"Россия, Москва город, улица Остоженка, дом 5",Боровицкая,13,пешком,55.74333,37.601439,450000.0,True,0,longTerm,2026-09-04,https://www.cian.ru/rent/flat/331686276/,3plus,2026-09-05 11:27
331294585,rent,4,False,150000,1363.64,110.0,69.0,10.0,11,16,1971.0,brick,Хамовники,,,False,,"Москва, Хамовники район, Власьевский М. пер., д.7",Смоленская,9,пешком,55.74639,37.592644,150000.0,True,0,longTerm,2026-09-04,https://www.cian.ru/rent/flat/331294585/,3plus,2026-09-05 11:27
333297028,rent,4,False,550000,4330.71,127.0,81.0,15.0,1,5,,,Хамовники,,,False,,"Москва, Б. Власьевский пер., 7/24, стр. 2",Смоленская,9,пешком,55.745377,37.590578,550000.0,True,0,longTerm,2026-09-05,https://www.cian.ru/rent/flat/333297028/,3plus,2026-09-05 11:27
326754174,rent,4,False,1850000,10346.76,178.8,110.0,20.0,6,11,2013.0,monolith,Хамовники,,,False,GRAND DELUXE на Плющихе,"Москва, Погодинская ул, 4",Киевская,18,пешком,55.734973,37.571013,1850000.0,True,30,longTerm,2026-09-05,https://www.cian.ru/rent/flat/326754174/,3plus,2026-09-05 11:27
332022965,rent,4,False,650000,3801.17,171.0,,19.0,3,7,2006.0,brick,Хамовники,,,False,Колымажный 10,"Москва, Колымажный пер, 10",Кропоткинская,5,пешком,55.748199,37.604403,650000.0,True,0,longTerm,2026-08-18,https://www.cian.ru/rent/flat/332022965/,3plus,2026-09-05 11:27
331391930,rent,6,False,2300000,9426.23,244.0,180.0,15.0,5,15,2015.0,monolith,Хамовники,,,False,Barrin House,"Россия, Москва, Малая Пироговская улица, 8",Спортивная,11,пешком,55.72961,37.570474,,True,0,longTerm,2026-08-24,https://www.cian.ru/rent/flat/331391930/,3plus,2026-09-05 11:27
332683991,rent,4,False,370000,2642.86,140.0,105.0,12.0,4,16,,monolith,Хамовники,,,False,Смоленская Застава,"Россия, Москва, Ружейный переулок, 3",Смоленская,10,пешком,55.742955,37.580517,370000.0,True,30,longTerm,2026-09-01,https://www.cian.ru/rent/flat/332683991/,3plus,2026-09-05 11:27
333495957,rent,3,False,350000,3097.35,113.0,,12.0,5,6,2006.0,monolith,Хамовники,,,False,Кристалл Хаус,"Россия, Москва, Коробейников переулок, 1",Парк Культуры,6,пешком,55.737314,37.6009,350000.0,True,50,longTerm,2026-09-04,https://www.cian.ru/rent/flat/333495957/,3plus,2026-09-05 11:27
333184608,rent,3,False,490000,5975.61,82.0,,,4,14,2014.0,monolith,Хамовники,,,False,Садовые кварталы,"Россия, Москва, улица Ефремова, 10к1",Фрунзенская,8,пешком,55.725154,37.574507,490000.0,True,0,longTerm,2026-08-28,https://www.cian.ru/rent/flat/333184608/,3plus,2026-09-05 11:27
331776226,rent,5,False,1000000,5050.51,198.0,117.0,20.0,3,7,2010.0,monolith,Хамовники,,,False,,"Россия, Москва город, переулок Еропкинский, дом 16",Кропоткинская,10,пешком,55.740451,37.592716,1000000.0,True,0,longTerm,2026-08-20,https://www.cian.ru/rent/flat/331776226/,3plus,2026-09-05 11:27
322720250,rent,3,False,300000,2727.27,110.0,68.0,40.0,15,16,2008.0,monolith,Хамовники,,,False,Смоленская Застава,"Россия, Москва, Ружейный переулок, 3",Смоленская,10,пешком,55.742955,37.580517,320000.0,True,0,longTerm,2026-09-02,https://www.cian.ru/rent/flat/322720250/,3plus,2026-09-05 11:27
330817903,rent,4,False,700000,4117.65,170.0,,,6,6,2000.0,brick,Хамовники,,,False,Дом в Зубовском проезде,"Россия, Москва, Зубовский проезд, 1",Парк Культуры,6,пешком,55.736351,37.588503,700000.0,True,0,longTerm,2026-07-07,https://www.cian.ru/rent/flat/330817903/,3plus,2026-09-05 11:27
331711716,rent,4,False,450000,3461.54,130.0,60.0,15.0,7,7,1914.0,brick,Хамовники,,,False,,"Москва, Остоженка ул, 5",Кропоткинская,3,пешком,55.74333,37.601439,450000.0,True,0,longTerm,2026-09-05,https://www.cian.ru/rent/flat/331711716/,3plus,2026-09-05 11:27
333610344,rent,4,False,500000,3906.25,128.0,,,1,5,1901.0,monolith,Хамовники,,,False,,"Россия, Москва, Гагаринский переулок, 24/7с2",Кропоткинская,9,пешком,55.745377,37.590578,500000.0,True,0,longTerm,2026-09-04,https://www.cian.ru/rent/flat/333610344/,3plus,2026-09-05 11:27
332898114,rent,6,False,600000,3243.24,185.0,120.0,16.0,2,5,1910.0,brick,Хамовники,,,False,,"Россия, Москва, Гагаринский переулок, 23с1",Кропоткинская,7,пешком,55.744647,37.593219,600000.0,True,0,longTerm,2026-09-03,https://www.cian.ru/rent/flat/332898114/,3plus,2026-09-05 11:27
280750347,rent,3,False,300000,2500.0,120.0,,,2,5,2000.0,monolith,Хамовники,,,False,Элитный дом Особняк,"Россия, Москва, Гагаринский переулок, 7к2",Кропоткинская,3,пешком,55.744693,37.598519,300000.0,True,0,longTerm,2026-08-31,https://www.cian.ru/rent/flat/280750347/,3plus,2026-09-05 11:27
329250008,rent,4,False,975000,5571.43,175.0,,,1,8,,panel,Хамовники,,,False,Парк Палас,"Москва, Хилков пер, 1",Кропоткинская,14,пешком,55.736681,37.599319,975000.0,True,0,longTerm,2026-09-05,https://www.cian.ru/rent/flat/329250008/,3plus,2026-09-05 11:27
333457909,rent,4,False,2500000,9615.38,260.0,145.0,12.0,2,7,,,Хамовники,,,False,Парк Палас,"Москва, Хилков пер., 1",Парк Культуры,6,пешком,55.736681,37.599319,2500000.0,True,0,longTerm,2026-09-05,https://www.cian.ru/rent/flat/333457909/,3plus,2026-09-05 11:27
333615249,rent,4,False,500000,2631.58,190.0,,,3,3,1905.0,,Хамовники,,,False,,"Россия, Москва, Староконюшенный переулок, 10/10с1",Кропоткинская,5,пешком,55.744819,37.595662,500000.0,True,0,longTerm,2026-09-04,https://www.cian.ru/rent/flat/333615249/,3plus,2026-09-05 11:27
320384635,rent,4,False,2500000,7352.94,340.0,280.0,30.0,2,7,,,Хамовники,,,False,Парк Палас,"Россия, Москва, Хилков переулок, 1",Парк Культуры,6,пешком,55.736681,37.599319,2500000.0,True,0,longTerm,2026-08-24,https://www.cian.ru/rent/flat/320384635/,3plus,2026-09-05 11:27
325353038,rent,5,False,1500000,6521.74,230.0,,,12,18,2006.0,panel,Хамовники,,,False,,"Москва, Комсомольский пр-кт, 32к2",Спортивная,12,пешком,55.725975,37.578046,1500000.0,True,0,longTerm,2026-09-05,https://www.cian.ru/rent/flat/325353038/,3plus,2026-09-05 11:27
333319804,rent,4,False,750000,4687.5,160.0,,15.0,6,6,2022.0,brick,Хамовники,,,False,Villa Grace,"Россия, Москва, Пожарский переулок, 3",Кропоткинская,8,пешком,55.740254,37.60434,750000.0,True,50,longTerm,2026-08-26,https://www.cian.ru/rent/flat/333319804/,3plus,2026-09-05 11:27
331687354,rent,3,False,490000,5975.61,82.0,,20.0,4,12,2014.0,monolith,Хамовники,,,False,Садовые кварталы,"Москва, Ефремова ул, 10с1",Лужники,13,пешком,55.725955,37.573133,490000.0,True,0,longTerm,2026-09-05,https://www.cian.ru/rent/flat/331687354/,3plus,2026-09-05 11:27
330865515,rent,4,False,600000,3529.41,170.0,,,10,10,2007.0,monolith,Хамовники,,,False,Спорт Хаус,"Россия, Москва, 3-я Фрунзенская улица, 5к1",Фрунзенская,14,пешком,55.719688,37.578352,600000.0,True,0,longTerm,2026-08-08,https://www.cian.ru/rent/flat/330865515/,3plus,2026-09-05 11:27
330675840,rent,3,False,560000,5333.33,105.0,85.0,10.0,5,8,2005.0,monolithBrick,Хамовники,,,False,Новая Остоженка,"Россия, Москва, 1-й Зачатьевский переулок, 5",Кропоткинская,10,пешком,55.739022,37.603819,,True,0,longTerm,2026-09-02,https://www.cian.ru/rent/flat/330675840/,3plus,2026-09-05 11:27
327690354,rent,5,False,2174907,8055.21,270.0,,,5,7,2010.0,monolithBrick,Хамовники,,,False,Еропкинский 16,"Москва, Еропкинский переулок, 16",Парк Культуры,7,пешком,55.740451,37.592716,25000.0,True,0,longTerm,2026-09-03,https://www.cian.ru/rent/flat/327690354/,3plus,2026-09-05 11:27
273734596,rent,5,False,600000,3243.24,185.0,124.0,16.0,2,5,1910.0,brick,Хамовники,,,False,,"Россия, Москва, Гагаринский переулок, 23с1",Кропоткинская,7,пешком,55.744647,37.593219,600000.0,True,0,longTerm,2026-08-25,https://www.cian.ru/rent/flat/273734596/,3plus,2026-09-05 11:27
333178299,rent,4,False,2500000,9765.62,256.0,,20.0,2,8,,monolith,Хамовники,,,False,Парк Палас,"Москва, Хилков переулок, д. 1",Кропоткинская,14,пешком,55.736681,37.599319,2500000.0,True,0,longTerm,2026-09-04,https://www.cian.ru/rent/flat/333178299/,3plus,2026-09-05 11:27
331558595,rent,4,False,1000000,3952.57,253.0,,,2,7,2005.0,brick,Хамовники,,,False,Новая Остоженка,"Москва, 1-й Зачатьевский пер, 5",Кропоткинская,10,пешком,55.739022,37.603819,1000000.0,True,0,longTerm,2026-09-05,https://www.cian.ru/rent/flat/331558595/,3plus,2026-09-05 11:27
333614345,rent,3,False,700000,4697.99,149.0,,,2,12,2012.0,brick,Хамовники,,,False,Андреевский,"Россия, Москва, 2-я Фрунзенская улица, 8",Фрунзенская,9,пешком,55.723699,37.583697,700000.0,True,0,longTerm,2026-09-04,https://www.cian.ru/rent/flat/333614345/,3plus,2026-09-05 11:27
333616023,rent,3,False,350000,3271.03,107.0,,,3,8,1933.0,brick,Хамовники,,,False,,"Россия, Москва, Зубовский бульвар, 16-20с1",Парк Культуры,7,пешком,55.738596,37.588593,350000.0,True,0,longTerm,2026-09-04,https://www.cian.ru/rent/flat/333616023/,3plus,2026-09-05 11:27
332717411,rent,3,False,190000,2235.29,85.0,,,2,6,1914.0,brick,Хамовники,,,False,,"Россия, Москва, Смоленский бульвар, 15",Смоленская,10,пешком,55.741799,37.582538,190000.0,True,0,longTerm,2026-08-25,https://www.cian.ru/rent/flat/332717411/,3plus,2026-09-05 11:27
330315037,rent,4,False,725000,4341.32,167.0,,,3,12,2014.0,monolith,Хамовники,,,False,Barrin House,"Москва, Малая Пироговская ул, 8",Фрунзенская,12,пешком,55.72961,37.570474,725000.0,True,0,longTerm,2026-09-05,https://www.cian.ru/rent/flat/330315037/,3plus,2026-09-05 11:27
328000272,rent,4,False,1200000,5769.23,208.0,,,4,6,2006.0,monolith,Хамовники,,,False,Кристалл Хаус,"Москва, Коробейников пер, 1",Парк Культуры,6,пешком,55.737314,37.6009,1200000.0,True,0,longTerm,2026-09-05,https://www.cian.ru/rent/flat/328000272/,3plus,2026-09-05 11:27
333170685,rent,4,False,400000,1629.99,245.4,150.0,20.0,6,6,,monolithBrick,Хамовники,,,False,,"Москва, Хамовники, Малый Могильцевский переулок, 4Б",Смоленская,10,пешком,55.74451,37.58977,400000.0,True,0,longTerm,2026-09-04,https://www.cian.ru/rent/flat/333170685/,3plus,2026-09-05 11:27
332912836,rent,4,False,400000,1481.48,270.0,100.0,15.0,6,6,,brick,Хамовники,,,False,,"г Москва, Малый Могильцевский пер, д 4Б",Смоленская,9,пешком,55.74451,37.58977,400000.0,True,0,longTerm,2026-09-04,https://www.cian.ru/rent/flat/332912836/,3plus,2026-09-05 11:27
333288550,rent,3,False,250000,3289.47,76.0,37.0,15.0,4,5,1914.0,brick,Хамовники,,,False,,"Россия, Москва, Плотников переулок, 6/8",Смоленская,8,пешком,55.744667,37.588799,250000.0,True,30,longTerm,2026-09-03,https://www.cian.ru/rent/flat/333288550/,3plus,2026-09-05 11:27
332809748,rent,4,False,490000,2378.64,206.0,,,4,6,1905.0,brick,Хамовники,,,False,,"Москва, Пречистенка ул, 40/2стр2",Смоленская,14,пешком,55.739362,37.587578,550000.0,True,0,longTerm,2026-09-05,https://www.cian.ru/rent/flat/332809748/,3plus,2026-09-05 11:27
333260927,rent,3,False,180000,2040.82,88.2,58.2,6.0,8,8,1941.0,stalin,Хамовники,,,False,,"Россия, Москва, Смоленский бульвар, 22/14",Смоленская,9,пешком,55.742215,37.585035,180000.0,True,50,longTerm,2026-08-25,https://www.cian.ru/rent/flat/333260927/,3plus,2026-09-05 11:27
331492350,rent,4,False,700000,3500.0,200.0,120.0,10.0,5,7,,monolith,Хамовники,,,False,,"Москва, Еропкинский пер, 16",Кропоткинская,10,пешком,55.740451,37.592716,700000.0,True,0,longTerm,2026-09-03,https://www.cian.ru/rent/flat/331492350/,3plus,2026-09-05 11:27
333588379,rent,3,False,350000,3846.15,91.0,65.0,17.0,4,8,,,Хамовники,,,False,,"Москва, набережная Фрунзенская, д.26",Фрунзенская,11,пешком,55.724469,37.588314,350000.0,True,0,longTerm,2026-09-04,https://www.cian.ru/rent/flat/333588379/,3plus,2026-09-05 11:27
332770822,rent,3,False,320000,3440.86,93.0,55.0,8.0,3,5,1910.0,brick,Хамовники,,,False,,"Россия, Москва, улица Остоженка, 7с1",Кропоткинская,3,пешком,55.742767,37.600792,320000.0,True,0,longTerm,2026-08-09,https://www.cian.ru/rent/flat/332770822/,3plus,2026-09-05 11:27
333414084,rent,3,False,180000,2022.47,89.0,60.0,10.0,4,8,1960.0,brick,Хамовники,,,False,,"Россия, Москва, Комсомольский проспект, 36",Фрунзенская,7,пешком,55.723724,37.576151,180000.0,True,30,longTerm,2026-09-03,https://www.cian.ru/rent/flat/333414084/,3plus,2026-09-05 11:27
328786400,rent,4,False,900000,6000.0,150.0,95.0,40.0,7,13,,monolith,Хамовники,,,False,Садовые кварталы,"Москва, Москва, Москва, улица Усачева, 15А",Лужники,10,пешком,55.7256,37.570276,900000.0,True,50,longTerm,2026-09-03,https://www.cian.ru/rent/flat/328786400/,3plus,2026-09-05 11:27
331533890,rent,3,False,850000,8018.87,106.0,,,7,14,2022.0,,Хамовники,,,False,Садовые кварталы,"Россия, Москва, Усачёва улица, 15А",Спортивная,6,пешком,55.7256,37.570276,850000.0,True,0,longTerm,2026-09-02,https://www.cian.ru/rent/flat/331533890/,3plus,2026-09-05 11:27
333313031,rent,4,False,320000,2461.54,130.0,69.0,18.0,3,13,,monolithBrick,Хамовники,,,False,Венский дом,"Москва, 1-й Неопалимовский переулок, 8",Смоленская,14,пешком,55.74076,37.581047,320000.0,True,0,longTerm,2026-09-03,https://www.cian.ru/rent/flat/333313031/,3plus,2026-09-05 11:27
333588382,rent,4,False,450000,3333.33,135.0,86.0,6.0,7,8,,,Хамовники,,,False,,"Москва, улица Остоженка, д.5",Кропоткинская,3,пешком,55.74333,37.601439,500000.0,True,0,longTerm,2026-09-04,https://www.cian.ru/rent/flat/333588382/,3plus,2026-09-05 11:27
333336771,rent,4,False,450000,3333.33,135.0,90.0,6.0,7,7,1914.0,brick,Хамовники,,,False,,"г Москва, Хамовники, г Москва, ул Остоженка, 5",Кропоткинская,3,пешком,55.74333,37.601439,450000.0,True,0,longTerm,2026-09-04,https://www.cian.ru/rent/flat/333336771/,3plus,2026-09-05 11:27
320827431,rent,3,False,185000,3357.53,55.1,40.0,6.0,2,5,1962.0,,Хамовники,,,False,,"Россия, Москва, Комсомольский проспект, 19",Фрунзенская,7,пешком,55.728859,37.585538,60000.0,True,0,longTerm,2026-09-03,https://www.cian.ru/rent/flat/320827431/,3plus,2026-09-05 11:27
332688200,rent,4,False,599000,3196.37,187.4,,,6,6,1912.0,,Хамовники,,,False,,"Россия, Москва, Мансуровский переулок, 5",Парк Культуры,5,пешком,55.73963,37.594755,599000.0,True,30,longTerm,2026-08-12,https://www.cian.ru/rent/flat/332688200/,3plus,2026-09-05 11:27
332186165,rent,4,False,1200000,6896.55,174.0,,,9,14,,panel,Хамовники,,,False,Дом на Трубецкой,"Москва, Трубецкая ул, 10",Фрунзенская,6,пешком,55.727328,37.575792,1200000.0,True,0,longTerm,2026-09-05,https://www.cian.ru/rent/flat/332186165/,3plus,2026-09-05 11:27
324919240,rent,4,False,1500000,8488.96,176.7,,,2,9,,panel,Хамовники,,,False,SAVVIN RIVER RESIDENCE,"Москва, Саввинская наб, 13",Киевская,12,пешком,55.73554,37.567267,1500000.0,True,0,longTerm,2026-09-05,https://www.cian.ru/rent/flat/324919240/,3plus,2026-09-05 11:27
329735443,rent,3,False,900000,8181.82,110.0,,,10,10,2014.0,monolithBrick,Хамовники,,,False,Садовые кварталы,"Москва, Ефремова улица, 10",Фрунзенская,6,пешком,55.726031,37.575603,900000.0,True,0,longTerm,2026-09-03,https://www.cian.ru/rent/flat/329735443/,3plus,2026-09-05 11:27
332875966,rent,3,False,750000,5067.57,148.0,,,3,11,2013.0,monolith,Хамовники,,,False,GRAND DELUXE на Плющихе,"Москва, Погодинская ул, 4",Киевская,18,пешком,55.734973,37.571013,750000.0,True,0,longTerm,2026-09-05,https://www.cian.ru/rent/flat/332875966/,3plus,2026-09-05 11:27
332311620,rent,3,False,330000,2844.83,116.0,60.0,20.0,3,8,2008.0,monolithBrick,Хамовники,,,False,Лужники Хаус,"Москва, Хамовнический Вал ул, 36",Спортивная,2,пешком,55.722588,37.558391,330000.0,True,50,longTerm,2026-09-04,https://www.cian.ru/rent/flat/332311620/,3plus,2026-09-05 11:27
332451894,rent,3,False,1000000,6097.56,164.0,,,6,6,2010.0,monolith,Хамовники,,,False,Парк Палас,"Москва, Хилков пер, 1",Парк Культуры,6,пешком,55.736681,37.599319,1000000.0,True,0,longTerm,2026-09-05,https://www.cian.ru/rent/flat/332451894/,3plus,2026-09-05 11:27
330145712,rent,4,False,700000,2800.0,250.0,150.0,50.0,2,7,2002.0,monolith,Хамовники,,,False,,"Россия, Москва, улица Остоженка, 27к3",Парк Культуры,5,пешком,55.738774,37.59719,700000.0,True,50,longTerm,2026-08-28,https://www.cian.ru/rent/flat/330145712/,3plus,2026-09-05 11:27
329118763,rent,4,False,545000,3892.86,140.0,,,3,3,1917.0,brick,Хамовники,,,False,,"Москва, Большой Знаменский пер, 13стр1",Арбатская,9,пешком,55.747084,37.601573,545000.0,True,0,longTerm,2026-09-05,https://www.cian.ru/rent/flat/329118763/,3plus,2026-09-05 11:27
320748944,rent,4,False,900000,4109.59,219.0,,,2,5,2002.0,monolithBrick,Хамовники,,,False,Молочный 1,"Москва, Молочный пер, 1",Кропоткинская,11,пешком,55.73888,37.602005,900000.0,True,0,longTerm,2026-09-05,https://www.cian.ru/rent/flat/320748944/,3plus,2026-09-05 11:27
333335499,rent,3,False,150000,2142.86,70.0,56.0,10.0,6,11,1958.0,brick,Хамовники,,,False,,"Россия, Москва, Фрунзенская набережная, 38/1",Фрунзенская,13,пешком,55.721006,37.584326,150000.0,True,50,longTerm,2026-09-03,https://www.cian.ru/rent/flat/333335499/,3plus,2026-09-05 11:27
333570601,rent,3,False,725000,4341.32,167.0,,25.0,3,12,,monolithBrick,Хамовники,,,False,Barrin House,"Россия, Москва город, улица Малая Пироговская, дом 8",Спортивная,11,пешком,55.72961,37.570474,725000.0,True,0,longTerm,2026-09-03,https://www.cian.ru/rent/flat/333570601/,3plus,2026-09-05 11:27
328550156,rent,4,False,1300000,6500.0,200.0,,,2,15,2016.0,monolith,Хамовники,,,False,Barrin House,"Москва, Малая Пироговская ул, 8",Фрунзенская,12,пешком,55.72961,37.570474,1300000.0,True,0,longTerm,2026-09-05,https://www.cian.ru/rent/flat/328550156/,3plus,2026-09-05 11:27
332521501,rent,4,False,650000,3551.91,183.0,,20.0,3,7,,monolithBrick,Хамовники,,,False,Barrin House,"Россия, Москва город, улица Малая Пироговская, дом 8",Спортивная,11,пешком,55.72961,37.570474,650000.0,True,0,longTerm,2026-09-04,https://www.cian.ru/rent/flat/332521501/,3plus,2026-09-05 11:27
332662762,rent,4,False,490000,2378.64,206.0,161.0,22.0,5,7,,,Хамовники,,,False,,"Москва, Пречистенка ул., 40/2, стр. 2",Парк Культуры,9,пешком,55.739362,37.587578,490000.0,True,0,longTerm,2026-09-05,https://www.cian.ru/rent/flat/332662762/,3plus,2026-09-05 11:27
328668718,rent,3,False,180000,2500.0,72.0,40.0,8.0,2,7,1944.0,brick,Хамовники,,,False,,"Россия, Москва, Смоленский бульвар, 7",Парк Культуры,10,пешком,55.740472,37.584272,180000.0,True,50,longTerm,2026-08-15,https://www.cian.ru/rent/flat/328668718/,3plus,2026-09-05 11:27
333249069,rent,6,False,600000,3125.0,192.0,,,2,5,1910.0,brick,Хамовники,,,False,,"Москва, Гагаринский пер, 23с1",Кропоткинская,7,пешком,55.744647,37.593219,600000.0,True,0,longTerm,2026-09-05,https://www.cian.ru/rent/flat/333249069/,3plus,2026-09-05 11:27
333162459,rent,4,False,2500000,7861.64,318.0,175.0,30.0,2,8,,monolithBrick,Хамовники,,,False,Парк Палас,"Москва, Хилков переулок, 1",Парк Культуры,6,пешком,55.736681,37.599319,2500000.0,True,0,longTerm,2026-09-01,https://www.cian.ru/rent/flat/333162459/,3plus,2026-09-05 11:27
333058809,rent,3,False,890000,9368.42,95.0,71.0,12.0,2,13,,monolith,Хамовники,,,False,Садовые кварталы,"Россия, Москва город, улица Усачева, дом 15А",Спортивная,6,пешком,55.7256,37.570276,890000.0,True,50,longTerm,2026-08-30,https://www.cian.ru/rent/flat/333058809/,3plus,2026-09-05 11:27
329102147,rent,4,False,750000,4658.39,161.0,106.0,27.0,3,5,,,Хамовники,,,False,,"Москва, улица Остоженка, д.7, к.1",Кропоткинская,3,пешком,55.742767,37.600792,750000.0,True,0,longTerm,2026-09-04,https://www.cian.ru/rent/flat/329102147/,3plus,2026-09-05 11:27
332493918,rent,3,False,190000,3275.86,58.0,,,9,17,1967.0,panel,Хамовники,,,False,,"Россия, Москва, Смоленский бульвар, 6-8",Парк Культуры,10,пешком,55.740517,37.586338,230000.0,True,0,longTerm,2026-09-04,https://www.cian.ru/rent/flat/332493918/,3plus,2026-09-05 11:27
332449928,rent,3,False,290000,2521.74,115.0,,,1,9,1996.0,,Хамовники,,,False,,"Россия, Москва, Большой Власьевский переулок, 9",Смоленская,9,пешком,55.74601,37.590335,330000.0,True,0,longTerm,2026-09-04,https://www.cian.ru/rent/flat/332449928/,3plus,2026-09-05 11:27
330624504,rent,4,False,500000,4132.23,121.0,65.0,20.0,5,16,2008.0,monolith,Хамовники,,,False,Смоленская Застава,"Москва, Ружейный пер, 3",Смоленская,10,пешком,55.742955,37.580517,500000.0,True,0,longTerm,2026-09-05,https://www.cian.ru/rent/flat/330624504/,3plus,2026-09-05 11:27
333015627,rent,4,False,600000,3006.01,199.6,,15.0,5,13,2003.0,monolithBrick,Хамовники,,,False,Венский дом,"Россия, Москва, 1-й Неопалимовский переулок, 8",Киевская,16,пешком,55.74076,37.581047,600000.0,True,0,longTerm,2026-09-04,https://www.cian.ru/rent/flat/333015627/,3plus,2026-09-05 11:27
333564112,rent,4,False,1200000,5219.66,229.9,,50.0,2,8,,monolithBrick,Хамовники,,,False,Barrin House,"Россия, Москва город, улица Малая Пироговская, дом 8",Спортивная,11,пешком,55.72961,37.570474,1200000.0,True,0,longTerm,2026-09-03,https://www.cian.ru/rent/flat/333564112/,3plus,2026-09-05 11:27
324469539,rent,4,False,1300000,6500.0,200.0,,25.0,2,8,2015.0,monolithBrick,Хамовники,,,False,Barrin House,"Россия, Москва город, улица Малая Пироговская, дом 8",Спортивная,11,пешком,55.72961,37.570474,1300000.0,True,0,longTerm,2026-09-04,https://www.cian.ru/rent/flat/324469539/,3plus,2026-09-05 11:27
311336784,rent,4,False,695000,4064.33,171.0,120.0,20.0,2,6,2001.0,,Хамовники,,,False,Дом в Зубовском проезде,"Москва, проезд Зубовский, д.1",Парк Культуры,6,пешком,55.736351,37.588503,695000.0,True,0,longTerm,2026-09-04,https://www.cian.ru/rent/flat/311336784/,3plus,2026-09-05 11:27
332838983,rent,3,False,325000,3095.24,105.0,61.0,12.0,7,15,,brick,Хамовники,,,False,,"Москва, Хамовники район, Фрунзенская наб., д.24",Фрунзенская,9,пешком,55.725463,37.587515,325000.0,True,0,longTerm,2026-09-04,https://www.cian.ru/rent/flat/332838983/,3plus,2026-09-05 11:27
328760972,rent,5,False,1450000,5896.71,245.9,168.0,18.0,3,5,1910.0,,Хамовники,,,False,,"Москва, улица Пречистенка, д.27",Кропоткинская,10,пешком,55.740421,37.591386,1450000.0,True,0,longTerm,2026-09-03,https://www.cian.ru/rent/flat/328760972/,3plus,2026-09-05 11:27
329438439,rent,3,False,380000,2533.33,150.0,103.0,20.0,5,6,,monolithBrick,Хамовники,,,False,,"Москва, 1-й Зачатьевский переулок, 6",Кропоткинская,10,пешком,55.739985,37.603109,380000.0,True,0,longTerm,2026-09-01,https://www.cian.ru/rent/flat/329438439/,3plus,2026-09-05 11:27
328926520,rent,4,False,1000000,3846.15,260.0,180.0,25.0,4,14,2003.0,monolithBrick,Хамовники,,,False,Пять Звезд,"Россия, Москва, 2-я Фрунзенская улица, 12",Фрунзенская,6,пешком,55.724069,37.580436,1000000.0,True,0,longTerm,2026-09-03,https://www.cian.ru/rent/flat/328926520/,3plus,2026-09-05 11:27
294882758,rent,3,False,450000,3125.0,144.0,,5.0,4,14,2004.0,monolithBrick,Хамовники,,,False,,"Россия, Москва, Комсомольский проспект, 32к2",Фрунзенская,5,пешком,55.725975,37.578046,500000.0,True,0,longTerm,2025-12-03,https://www.cian.ru/rent/flat/294882758/,3plus,2026-09-05 11:27
333156101,rent,4,False,900000,5000.0,180.0,,12.0,4,8,2015.0,monolith,Хамовники,,,False,Knightsbridge Private Park,"Россия, Москва, улица Ефремова, 19к4",Спортивная,3,пешком,55.721863,37.568875,900000.0,True,50,longTerm,2026-09-01,https://www.cian.ru/rent/flat/333156101/,3plus,2026-09-05 11:27
333160820,rent,5,False,1300000,5579.4,233.0,,11.0,7,15,,,Хамовники,,,False,White Khamovniki,"Россия, Москва, Олсуфьевский переулок, 9к2",Фрунзенская,10,пешком,55.732899,37.579349,1300000.0,True,50,longTerm,2026-09-01,https://www.cian.ru/rent/flat/333160820/,3plus,2026-09-05 11:27
333169134,rent,3,False,450000,3913.04,115.0,,11.0,7,14,2013.0,monolith,Хамовники,,,False,Дом на Трубецкой,"Россия, Москва, Трубецкая улица, 10",Фрунзенская,6,пешком,55.727328,37.575792,450000.0,True,50,longTerm,2026-09-01,https://www.cian.ru/rent/flat/333169134/,3plus,2026-09-05 11:27
333168781,rent,3,False,400000,3883.5,103.0,,12.0,4,6,2006.0,monolith,Хамовники,,,False,Кристалл Хаус,"Россия, Москва, Коробейников переулок, 1",Парк Культуры,6,пешком,55.737314,37.6009,400000.0,True,50,longTerm,2026-09-01,https://www.cian.ru/rent/flat/333168781/,3plus,2026-09-05 11:27
333078413,rent,4,False,650000,3672.32,177.0,,12.0,6,12,2012.0,brick,Хамовники,,,False,Андреевский,"Россия, Москва, 2-я Фрунзенская улица, 8",Фрунзенская,9,пешком,55.723699,37.583697,650000.0,True,50,longTerm,2026-09-01,https://www.cian.ru/rent/flat/333078413/,3plus,2026-09-05 11:27
333078574,rent,3,False,600000,3000.0,200.0,,12.0,5,8,2005.0,monolithBrick,Хамовники,,,False,Новая Остоженка,"Россия, Москва, 1-й Зачатьевский переулок, 5",Кропоткинская,10,пешком,55.739022,37.603819,600000.0,True,50,longTerm,2026-09-01,https://www.cian.ru/rent/flat/333078574/,3plus,2026-09-05 11:27
333143179,rent,3,False,400000,2222.22,180.0,,20.0,3,4,1910.0,brick,Хамовники,,,False,,"Россия, Москва, улица Остоженка, 7с1",Кропоткинская,3,пешком,55.742767,37.600792,400000.0,True,50,longTerm,2026-09-01,https://www.cian.ru/rent/flat/333143179/,3plus,2026-09-05 11:27
333184881,rent,3,False,800000,3636.36,220.0,,20.0,3,9,2021.0,monolith,Хамовники,,,False,SAVVIN RIVER RESIDENCE,"Россия, Москва, Саввинская набережная, 13",Киевская,12,пешком,55.73554,37.567267,800000.0,True,50,longTerm,2026-09-01,https://www.cian.ru/rent/flat/333184881/,3plus,2026-09-05 11:27
